note_index,note_id,measure,measure_offset,quarter_length,time_position,duration_seconds,pitch_name,pitch_midi,staff,voice,layer_1_score,layer_1_mask,layer_2_score,layer_2_mask,layer_3_score,layer_3_mask
0,p0n3,1,0.5,0.5,8.0,8.0,C4,60,1,0,0.5858349204063416,True,0.23616887629032135,False,0.30913034081459045,False
1,p0n4,1,1.0,0.5,16.0,8.0,D4,62,1,0,0.9093521237373352,True,0.9180434942245483,True,0.9337396621704102,True
2,p0n5,1,1.5,0.5,24.0,8.0,E4,64,1,0,0.5685535073280334,True,0.48305758833885193,False,0.37155333161354065,False
3,p0n6,1,2.0,0.75,32.0,12.0,F4,65,1,0,0.9092521667480469,True,0.985383927822113,True,0.9275315999984741,True
4,p0n7,1,2.75,0.125,44.0,2.0,G4,67,1,0,0.06517599523067474,False,0.11613477766513824,False,0.25787854194641113,False
5,p0n8,1,2.875,0.125,46.0,2.0,F4,65,1,0,0.8804758787155151,True,0.824965238571167,True,0.8031649589538574,True
6,p0n9,1,3.0,0.5,48.0,8.0,E4,64,1,0,0.639583170413971,True,0.6476151347160339,True,0.543157696723938,True
7,p0n10,1,3.5,0.5,56.0,8.0,A4,69,1,0,0.9439170956611633,True,0.566335141658783,True,0.36367282271385193,False
8,p0n13,2,0.0,0.5,64.0,8.0,D4,62,1,0,0.6323750615119934,True,0.807881236076355,True,0.7841227650642395,True
9,p0n14,2,0.5,0.75,72.0,12.0,G4,67,1,0,0.18048951029777527,False,0.15244005620479584,False,0.2762395739555359,False
10,p0n16,2,1.25,0.25,84.0,4.0,A4,69,1,0,0.9120038747787476,True,0.353213369846344,False,0.2915973663330078,False
11,p0n17,2,1.5,0.25,88.0,4.0,G4,67,1,0,0.13024115562438965,False,0.14102496206760406,False,0.2733297348022461,False
12,p0n18,2,1.75,0.25,92.0,4.0,F4,65,1,0,0.811310887336731,True,0.6002781987190247,True,0.623007595539093,True
13,p0n20,2,2.0,0.25,96.0,4.0,E4,64,1,0,0.8751675486564636,True,0.8844962120056152,True,0.6850418448448181,True
14,p0n21,2,2.25,0.25,100.0,4.0,F4,65,1,0,0.7826534509658813,True,0.5422036647796631,True,0.42113640904426575,False
15,p0n22,2,2.5,0.5,104.0,8.0,G4,67,1,0,0.2408987432718277,False,0.17763184010982513,False,0.28278985619544983,False
16,p0n23,2,2.5,0.25,104.0,4.0,E4,64,1,0,0.7491293549537659,True,0.7747584581375122,True,0.5630051493644714,True
17,p0n24,2,2.75,0.25,108.0,4.0,D4,62,1,0,0.4252476990222931,False,0.17889966070652008,False,0.26874956488609314,False
18,p0n25,2,3.0,0.5,112.0,8.0,A4,69,1,0,0.9942928552627563,True,0.7308326959609985,True,0.5044864416122437,True
19,p0n26,2,3.0,0.25,112.0,4.0,C4,60,1,0,0.8793565034866333,True,0.5848839282989502,True,0.41022542119026184,False
20,p0n27,2,3.25,0.25,116.0,4.0,D4,62,1,0,0.46146050095558167,False,0.18756414949893951,False,0.27252522110939026,False
21,p0n28,2,3.5,0.5,120.0,8.0,B4,71,1,0,0.0653364285826683,False,0.0956735759973526,False,0.27315378189086914,False
22,p0n29,2,3.5,0.25,120.0,4.0,C4,60,1,0,0.631536066532135,True,0.7159988284111023,True,0.5537141561508179,True
23,p0n30,2,3.75,0.25,124.0,4.0,B3,59,1,0,0.34902310371398926,False,0.11562351137399673,False,0.2663319408893585,False
24,p0n31,3,0.0,0.75,128.0,12.0,C5,72,1,0,0.808647871017456,True,0.9220973253250122,True,0.39059504866600037,False
25,p0n32,3,0.0,0.5,128.0,8.0,A3,57,1,0,0.8845560550689697,True,0.7805780172348022,True,0.7227922081947327,True
26,p0n34,3,0.5,0.5,136.0,8.0,F#4,66,1,0,0.9712814092636108,True,0.5712280869483948,True,0.517572283744812,True
27,p0n35,3,0.75,0.125,140.0,2.0,D5,74,1,0,0.3047807812690735,False,0.1827327013015747,False,0.2699688673019409,False
28,p0n36,3,0.875,0.125,142.0,2.0,C5,72,1,0,0.7171784043312073,True,0.6602538824081421,True,0.16284582018852234,False
29,p0n37,3,1.0,0.5,144.0,8.0,B4,71,1,0,0.13327424228191376,False,0.11427041888237,False,0.2651147246360779,False
30,p0n38,3,1.0,1.5,144.0,24.0,G4,67,1,0,0.625879168510437,True,0.8563970923423767,True,0.29563257098197937,False
31,p0n39,3,1.5,0.5,152.0,8.0,E5,76,1,0,0.6725597381591797,True,0.6245553493499756,True,0.44402945041656494,False
32,p0n40,3,2.0,0.5,160.0,8.0,A4,69,1,0,0.1428198516368866,False,0.16874821484088898,False,0.2778698801994324,False
33,p0n42,3,2.5,0.75,168.0,12.0,D5,74,1,0,0.3647609055042267,False,0.19822484254837036,False,0.28776639699935913,False
34,p0n43,3,2.5,0.25,168.0,4.0,F#4,66,1,0,0.5277893543243408,True,0.3215391933917999,False,0.39397984743118286,False
35,p0n44,3,2.75,0.25,172.0,4.0,E4,64,1,0,0.9865337610244751,True,0.7572709321975708,True,0.6467822790145874,True
36,p0n46,3,3.0,0.5,176.0,8.0,F#4,66,1,0,0.36798155307769775,False,0.32068583369255066,False,0.3450809121131897,False
37,p0n47,3,3.25,0.25,180.0,4.0,E5,76,1,0,0.497823566198349,False,0.16360944509506226,False,0.28258877992630005,False
38,p0n48,3,3.5,0.25,184.0,4.0,D5,74,1,0,0.1855887770652771,False,0.15923629701137543,False,0.2778327167034149,False
39,p0n49,3,3.5,0.5,184.0,8.0,D4,62,1,0,0.8623108863830566,True,0.9069828391075134,True,0.8080037832260132,True
40,p0n50,3,3.75,0.25,188.0,4.0,C5,72,1,0,0.919937252998352,True,0.5677832961082458,True,0.3503881096839905,False
41,p0n51,4,0.0,0.25,192.0,4.0,B4,71,1,0,0.23830939829349518,False,0.1460074931383133,False,0.28586819767951965,False
42,p0n52,4,0.0,0.5,192.0,8.0,G4,67,1,0,0.39487776160240173,False,0.42425301671028137,False,0.377796471118927,False
43,p0n55,4,0.25,0.25,196.0,4.0,G4,67,1,0,0.06577292084693909,False,0.11000090092420578,False,0.25657182931900024,False
44,p0n56,4,0.5,0.25,200.0,4.0,A4,69,1,0,0.9662993550300598,True,0.5917485356330872,True,0.2734079957008362,False
45,p0n57,4,0.5,0.5,200.0,8.0,F4,65,1,0,0.5209588408470154,True,0.2944463789463043,False,0.33995482325553894,False
46,p0n58,4,0.5,0.5,200.0,8.0,G3,55,2,0,0.7895600199699402,True,0.5959205031394958,True,0.6568218469619751,True
47,p0n59,4,0.75,0.25,204.0,4.0,B4,71,1,0,0.13072684407234192,False,0.07287159562110901,False,0.2608341574668884,False
48,p0n60,4,1.0,0.25,208.0,4.0,C5,72,1,0,0.9214027523994446,True,0.33602669835090637,False,0.27191364765167236,False
49,p0n61,4,1.0,0.5,208.0,8.0,E4,64,1,0,0.8967899084091187,True,0.7196482419967651,True,0.4675936698913574,False
50,p0n62,4,1.0,0.5,208.0,8.0,A3,57,2,0,0.9148640632629395,True,0.9375046491622925,True,0.8041514754295349,True
51,p0n63,4,1.25,0.25,212.0,4.0,B4,71,1,0,0.059983931481838226,False,0.08036254346370697,False,0.2608390152454376,False
52,p0n64,4,1.5,0.25,216.0,4.0,C5,72,1,0,0.982382595539093,True,0.14667972922325134,False,0.259863018989563,False
53,p0n65,4,1.5,0.5,216.0,8.0,D4,62,1,0,0.6368839740753174,True,0.7187808156013489,True,0.5578688383102417,True
54,p0n66,4,1.5,0.5,216.0,8.0,B3,59,2,0,0.29961511492729187,False,0.13442610204219818,False,0.2799443304538727,False
55,p0n67,4,1.75,0.25,220.0,4.0,D5,74,1,0,0.03152497112751007,False,0.1081579327583313,False,0.2558278739452362,False
56,p0n68,4,2.0,0.25,224.0,4.0,E5,76,1,0,0.8511731624603271,True,0.9719790816307068,True,0.8034490942955017,True
57,p0n69,4,2.0,0.5,224.0,8.0,C4,60,1,0,0.8744205832481384,True,0.9681226015090942,True,0.8861334323883057,True
58,p0n70,4,2.0,0.75,224.0,12.0,C4,60,2,0,0.830899178981781,True,0.8591399192810059,True,0.6934090852737427,True
59,p0n71,4,2.25,0.25,228.0,4.0,D5,74,1,0,0.019880689680576324,False,0.1044749841094017,False,0.25522297620773315,False
60,p0n72,4,2.5,0.25,232.0,4.0,E5,76,1,0,0.90289306640625,True,0.5845465660095215,True,0.3194611966609955,False
61,p0n74,4,2.75,0.25,236.0,4.0,F#5,78,1,0,0.3823535740375519,False,0.27977535128593445,False,0.3302857577800751,False
62,p0n75,4,2.75,0.125,236.0,2.0,D4,62,2,0,0.19421276450157166,False,0.14911596477031708,False,0.26224592328071594,False
63,p0n76,4,2.875,0.125,238.0,2.0,C4,60,2,0,0.6544418931007385,True,0.30479398369789124,False,0.25111672282218933,False
64,p0n77,4,3.0,0.5,240.0,8.0,G5,79,1,0,0.6810569167137146,True,0.7420858144760132,True,0.5548437833786011,True
65,p0n78,4,3.0,0.5,240.0,8.0,B3,59,2,0,0.2853512465953827,False,0.14722976088523865,False,0.27047136425971985,False
66,p0n80,4,3.5,0.5,248.0,8.0,B4,71,1,0,0.7940726280212402,True,0.4609903395175934,False,0.28056663274765015,False
67,p0n81,4,3.5,1.0,248.0,16.0,G4,67,1,0,0.7408973574638367,True,0.5174736380577087,True,0.21949712932109833,False
68,p0n82,4,3.5,0.5,248.0,8.0,E4,64,2,0,0.8426324129104614,True,0.8316131830215454,True,0.4437536895275116,False
69,p0n83,5,0.0,0.5,256.0,8.0,C5,72,1,0,0.7068758010864258,True,0.6299602389335632,True,0.14130713045597076,False
70,p0n85,5,0.0,0.5,256.0,8.0,A3,57,2,0,0.5776958465576172,True,0.6474952101707458,True,0.6695653796195984,True
71,p0n87,5,0.5,0.5,264.0,8.0,A4,69,1,0,0.690946638584137,True,0.6418246030807495,True,0.4101184904575348,False
72,p0n88,5,0.5,0.25,264.0,4.0,F4,65,1,0,0.6093984842300415,True,0.12570539116859436,False,0.2884142994880676,False
73,p0n89,5,0.5,0.75,264.0,12.0,D4,62,2,0,0.45247071981430054,False,0.1994876116514206,False,0.28940391540527344,False
74,p0n90,5,0.75,0.25,268.0,4.0,E4,64,1,0,0.9040167927742004,True,0.4745996594429016,False,0.3358290195465088,False
75,p0n91,5,1.0,0.25,272.0,4.0,D5,74,1,0,0.19365426898002625,False,0.1738385409116745,False,0.26770222187042236,False
76,p0n92,5,1.0,1.25,272.0,20.0,F4,65,1,0,0.2805938124656677,False,0.20306189358234406,False,0.2855246365070343,False
77,p0n94,5,1.25,0.25,276.0,4.0,C5,72,1,0,0.5849891304969788,True,0.5631285309791565,True,0.1093444973230362,False
78,p0n95,5,1.25,0.25,276.0,4.0,E4,64,2,0,0.8278879523277283,True,0.3584052324295044,False,0.2609032094478607,False
79,p0n96,5,1.5,0.25,280.0,4.0,B4,71,1,0,0.8262233734130859,True,0.33167213201522827,False,0.3258151412010193,False
80,p0n97,5,1.5,0.25,280.0,4.0,D4,62,2,0,0.6282639503479004,True,0.8685835599899292,True,0.5381004214286804,True
81,p0n98,5,1.75,0.25,284.0,4.0,A4,69,1,0,0.8572041392326355,True,0.42972058057785034,False,0.2833888530731201,False
82,p0n99,5,1.75,0.25,284.0,4.0,C4,60,2,0,0.6973633766174316,True,0.17498107254505157,False,0.23369665443897247,False
83,p0n100,5,2.0,0.75,288.0,12.0,G4,67,1,0,0.6236905455589294,True,0.5827258825302124,True,0.3222064971923828,False
84,p0n102,5,2.0,0.5,288.0,8.0,B3,59,2,0,0.8247349858283997,True,0.6853893399238586,True,0.527165949344635,True
85,p0n104,5,2.25,0.25,292.0,4.0,F4,65,1,0,0.5932914614677429,True,0.27682915329933167,False,0.2974272072315216,False
86,p0n105,5,2.5,0.5,296.0,8.0,E4,64,1,0,0.7291848659515381,True,0.6340630054473877,True,0.4541695713996887,False
87,p0n106,5,2.5,1.0,296.0,16.0,C4,60,2,0,0.5294008851051331,True,0.421749085187912,False,0.25358453392982483,False
88,p0n107,5,2.5,0.5,296.0,8.0,C3,48,2,0,0.20818206667900085,False,0.15453048050403595,False,0.2802668511867523,False
89,p0n108,5,2.75,0.25,300.0,4.0,G4,67,1,0,0.34169307351112366,False,0.17833398282527924,False,0.2672245502471924,False
90,p0n109,5,3.0,0.25,304.0,4.0,F4,65,1,0,0.8482110500335693,True,0.804655909538269,True,0.6802198886871338,True
91,p0n110,5,3.0,1.0,304.0,16.0,D4,62,1,0,0.8038542866706848,True,0.7986440658569336,True,0.7235586643218994,True
92,p0n112,5,3.0,0.5,304.0,8.0,D3,50,2,0,0.9537891745567322,True,0.6396541595458984,True,0.8975765109062195,True
93,p0n113,5,3.25,0.25,308.0,4.0,E4,64,1,0,0.18283341825008392,False,0.14192990958690643,False,0.2777380645275116,False
94,p0n114,5,3.5,0.25,312.0,4.0,F4,65,1,0,0.9724217653274536,True,0.688759982585907,True,0.6720795631408691,True
95,p0n115,5,3.5,0.5,312.0,8.0,B-3,58,2,0,0.5489990711212158,True,0.9344812035560608,True,0.7598857879638672,True
96,p0n116,5,3.5,0.5,312.0,8.0,E3,52,2,0,0.9741201996803284,True,0.8399374485015869,True,0.6041476130485535,True
97,p0n117,5,3.75,0.25,316.0,4.0,G4,67,1,0,0.32797524333000183,False,0.19122084975242615,False,0.2708682119846344,False
98,p0n118,6,0.0,0.25,320.0,4.0,A4,69,1,0,0.796956479549408,True,0.8931960463523865,True,0.5628827810287476,True
99,p0n119,6,0.0,0.5,320.0,8.0,C4,60,1,0,0.41304880380630493,False,0.28084996342658997,False,0.3250899612903595,False
100,p0n120,6,0.0,0.5,320.0,8.0,A3,57,2,0,0.7155226469039917,True,0.7712278366088867,True,0.5639587044715881,True
101,p0n121,6,0.0,0.75,320.0,12.0,F3,53,2,0,0.9175710678100586,True,0.9964004755020142,True,0.9516472816467285,True
102,p0n122,6,0.25,0.25,324.0,4.0,G4,67,1,0,0.20290981233119965,False,0.154920756816864,False,0.2630683183670044,False
103,p0n123,6,0.5,0.25,328.0,4.0,A4,69,1,0,0.8517084717750549,True,0.3906921148300171,False,0.28355932235717773,False
104,p0n124,6,0.5,0.5,328.0,8.0,F4,65,1,0,0.7068306803703308,True,0.4164947271347046,False,0.3418784737586975,False
105,p0n125,6,0.5,0.5,328.0,8.0,D4,62,2,0,0.38984259963035583,False,0.12499827146530151,False,0.27045178413391113,False
106,p0n126,6,0.75,0.25,332.0,4.0,B4,71,1,0,0.5489453077316284,True,0.21239244937896729,False,0.2534213364124298,False
107,p0n127,6,0.75,0.125,332.0,2.0,G3,55,2,0,0.27808883786201477,False,0.24047985672950745,False,0.28243646025657654,False
108,p0n128,6,0.875,0.125,334.0,2.0,F3,53,2,0,0.8276819586753845,True,0.8057078719139099,True,0.6180202960968018,True
109,p0n129,6,1.0,2.0,336.0,32.0,C5,72,1,0,0.619661808013916,True,0.7073324918746948,True,0.2500075697898865,False
110,p0n130,6,1.0,0.5,336.0,8.0,G3,55,2,0,0.27208462357521057,False,0.2924222946166992,False,0.2961949110031128,False
111,p0n131,6,1.0,0.5,336.0,8.0,E3,52,2,0,0.9738575220108032,True,0.7250570058822632,True,0.6879845261573792,True
112,p0n133,6,1.25,0.25,340.0,4.0,G4,67,1,0,0.7366917729377747,True,0.8215428590774536,True,0.5178233981132507,True
113,p0n134,6,1.5,0.25,344.0,4.0,F4,65,1,0,0.7573906779289246,True,0.612318217754364,True,0.7476382851600647,True
114,p0n135,6,1.5,0.5,344.0,8.0,C4,60,2,0,0.7350810170173645,True,0.627457857131958,True,0.49107927083969116,False
115,p0n136,6,1.5,0.5,344.0,8.0,A3,57,2,0,0.8188161253929138,True,0.7210780382156372,True,0.5677613615989685,True
116,p0n137,6,1.75,0.25,348.0,4.0,E4,64,1,0,0.9741958975791931,True,0.9023370742797852,True,0.6605892777442932,True
117,p0n138,6,2.0,0.5,352.0,8.0,F4,65,1,0,0.6386269927024841,True,0.5856637358665466,True,0.5936824083328247,True
118,p0n139,6,2.0,0.5,352.0,8.0,D3,50,2,0,0.8906950950622559,True,0.9033631086349487,True,0.8452436327934265,True
119,p0n141,6,2.25,0.25,356.0,4.0,A3,57,2,0,0.6291533708572388,True,0.5207067131996155,True,0.36502113938331604,False
120,p0n142,6,2.5,0.5,360.0,8.0,D4,62,1,0,0.27193838357925415,False,0.1502540558576584,False,0.27419865131378174,False
121,p0n143,6,2.5,0.25,360.0,4.0,B3,59,2,0,0.42200225591659546,False,0.10929557681083679,False,0.27547556161880493,False
122,p0n144,6,2.5,0.75,360.0,12.0,G3,55,2,0,0.26438620686531067,False,0.1682875156402588,False,0.2764076292514801,False
123,p0n145,6,2.75,0.25,364.0,4.0,C4,60,2,0,0.8570681810379028,True,0.4327838718891144,False,0.27430593967437744,False
124,p0n146,6,3.0,1.0,368.0,16.0,B4,71,1,0,0.4579022526741028,False,0.16627001762390137,False,0.2792763113975525,False
125,p0n147,6,3.0,2.0,368.0,32.0,G4,67,1,0,0.6536996960639954,True,0.5641363263130188,True,0.5051688551902771,True
126,p0n148,6,3.0,1.0,368.0,16.0,D4,62,2,0,0.6465952396392822,True,0.3766145706176758,False,0.35355478525161743,False
127,p0n150,6,3.25,0.25,372.0,4.0,A3,57,2,0,0.8221262693405151,True,0.3604375123977661,False,0.29227957129478455,False
128,p0n151,6,3.5,0.25,376.0,4.0,G3,55,2,0,0.30010735988616943,False,0.220624640583992,False,0.2939733862876892,False
129,p0n152,6,3.75,0.25,380.0,4.0,F3,53,2,0,0.7796146273612976,True,0.7402130961418152,True,0.5839186310768127,True
130,p0n155,7,0.0,1.0,384.0,16.0,G3,55,2,0,0.49200212955474854,False,0.5220938920974731,True,0.42514023184776306,False
131,p0n156,7,0.0,0.25,384.0,4.0,E3,52,2,0,0.9808667898178101,True,0.7732616066932678,True,0.6601868867874146,True
132,p0n157,7,0.25,0.25,388.0,4.0,F3,53,2,0,0.6126446723937988,True,0.5688512325286865,True,0.3708705008029938,False
133,p0n158,7,0.5,0.5,392.0,8.0,C5,72,1,0,0.5255432724952698,True,0.3695017099380493,False,0.26543864607810974,False
134,p0n159,7,0.5,0.25,392.0,4.0,E3,52,2,0,0.9817467927932739,True,0.6049641966819763,True,0.5171886682510376,True
135,p0n160,7,0.75,0.25,396.0,4.0,D3,50,2,0,0.8644668459892273,True,0.24543465673923492,False,0.30636316537857056,False
136,p0n161,7,1.0,0.5,400.0,8.0,D5,74,1,0,0.2707529366016388,False,0.20902249217033386,False,0.27388909459114075,False
137,p0n162,7,1.0,0.25,400.0,4.0,C3,48,2,0,0.9759726524353027,True,0.9389092922210693,True,0.7099357843399048,True
138,p0n165,7,1.25,0.25,404.0,4.0,D3,50,2,0,0.5838891267776489,True,0.18555085361003876,False,0.28361183404922485,False
139,p0n166,7,1.5,0.5,408.0,8.0,E5,76,1,0,0.5505603551864624,True,0.37446945905685425,False,0.3563234508037567,False
140,p0n167,7,1.5,0.5,408.0,8.0,G3,55,2,0,0.1779686063528061,False,0.1584932804107666,False,0.2756686210632324,False
141,p0n168,7,1.5,0.25,408.0,4.0,C3,48,2,0,0.8699149489402771,True,0.644379198551178,True,0.6558372974395752,True
142,p0n169,7,1.75,0.25,412.0,4.0,B2,47,2,0,0.7758274078369141,True,0.8593406081199646,True,0.5199195742607117,True
143,p0n170,7,2.0,0.75,416.0,12.0,F5,77,1,0,0.8589336276054382,True,0.8934381008148193,True,0.792868435382843,True
144,p0n171,7,2.0,0.5,416.0,8.0,A3,57,2,0,0.8624821901321411,True,0.6301605701446533,True,0.4286293387413025,False
145,p0n172,7,2.0,0.5,416.0,8.0,A2,45,2,0,0.8030611276626587,True,0.5945354700088501,True,0.43729525804519653,False
146,p0n174,7,2.5,0.5,424.0,8.0,B3,59,2,0,0.09453237801790237,False,0.10247514396905899,False,0.2724427282810211,False
147,p0n175,7,2.5,0.5,424.0,8.0,D3,50,2,0,0.22878926992416382,False,0.2070896327495575,False,0.2836957573890686,False
148,p0n176,7,2.75,0.125,428.0,2.0,G5,79,1,0,0.07787488400936127,False,0.12735453248023987,False,0.2586044371128082,False
149,p0n177,7,2.875,0.125,430.0,2.0,F5,77,1,0,0.29820579290390015,False,0.2341354787349701,False,0.30054110288619995,False
150,p0n178,7,3.0,0.5,432.0,8.0,E5,76,1,0,0.5869762897491455,True,0.5952036380767822,True,0.5127968788146973,True
151,p0n179,7,3.0,0.75,432.0,12.0,C4,60,2,0,0.9753080606460571,True,0.33835163712501526,False,0.32093486189842224,False
152,p0n180,7,3.0,0.5,432.0,8.0,A3,57,2,0,0.5984494090080261,True,0.35638242959976196,False,0.277264803647995,False
153,p0n181,7,3.5,0.5,440.0,8.0,A5,81,1,0,0.8677247166633606,True,0.5284987688064575,True,0.3992730975151062,False
154,p0n182,7,3.5,0.5,440.0,8.0,F#3,54,2,0,0.548262894153595,True,0.1824844926595688,False,0.318938285112381,False
155,p0n183,7,3.75,0.125,444.0,2.0,D4,62,2,0,0.29247260093688965,False,0.14413100481033325,False,0.26279589533805847,False
156,p0n184,7,3.875,0.125,446.0,2.0,C4,60,2,0,0.8974786996841431,True,0.31566306948661804,False,0.24357445538043976,False
157,p0n186,8,0.0,0.5,448.0,8.0,D5,74,1,0,0.689326822757721,True,0.7149815559387207,True,0.5604876279830933,True
158,p0n187,8,0.0,0.5,448.0,8.0,B3,59,2,0,0.28845661878585815,False,0.2066921591758728,False,0.2951897978782654,False
159,p0n188,8,0.0,0.25,448.0,4.0,G3,55,2,0,0.8147662281990051,True,0.5984210968017578,True,0.5198468565940857,True
160,p0n189,8,0.25,0.25,452.0,4.0,A3,57,2,0,0.5246355533599854,True,0.5953807830810547,True,0.2968888580799103,False
161,p0n190,8,0.5,0.75,456.0,12.0,G5,79,1,0,0.5016483068466187,True,0.4431058168411255,False,0.31621110439300537,False
162,p0n191,8,0.5,0.5,456.0,8.0,E4,64,2,0,0.9178652167320251,True,0.6575339436531067,True,0.5094435811042786,True
163,p0n192,8,0.5,0.25,456.0,4.0,B-3,58,2,0,0.7307595014572144,True,0.6371597051620483,True,0.5450257062911987,True
164,p0n193,8,0.75,0.25,460.0,4.0,G3,55,2,0,0.5116347074508667,True,0.07414646446704865,False,0.2563377916812897,False
165,p0n195,8,1.0,0.5,464.0,8.0,A3,57,2,0,0.8608380556106567,True,0.7073328495025635,True,0.40566378831863403,False
166,p0n196,8,1.0,0.5,464.0,8.0,C#3,49,2,0,0.4253498315811157,False,0.2604437470436096,False,0.30512741208076477,False
167,p0n197,8,1.25,0.25,468.0,4.0,A5,81,1,0,0.9160809516906738,True,0.4501517713069916,False,0.26761797070503235,False
168,p0n198,8,1.5,0.25,472.0,4.0,G5,79,1,0,0.6705490350723267,True,0.6175138354301453,True,0.4096226692199707,False
169,p0n199,8,1.5,0.75,472.0,12.0,D4,62,2,0,0.8647473454475403,True,0.5401883721351624,True,0.6927618384361267,True
170,p0n200,8,1.5,0.5,472.0,8.0,D3,50,2,0,0.8461205959320068,True,0.17114709317684174,False,0.30683469772338867,False
171,p0n201,8,1.75,0.25,476.0,4.0,F5,77,1,0,0.41143253445625305,False,0.29063680768013,False,0.3088066279888153,False
172,p0n202,8,2.0,0.5,480.0,8.0,E5,76,1,0,0.3811272978782654,False,0.3405910134315491,False,0.34066155552864075,False
173,p0n204,8,2.0,1.0,480.0,16.0,A3,57,2,0,0.9165787100791931,True,0.9155721068382263,True,0.6183589100837708,True
174,p0n205,8,2.25,0.25,484.0,4.0,E4,64,2,0,0.6513758301734924,True,0.7812488079071045,True,0.4342597723007202,False
175,p0n206,8,2.5,0.75,488.0,12.0,A5,81,1,0,0.7793508172035217,True,0.6059390306472778,True,0.3773466646671295,False
176,p0n207,8,2.5,0.25,488.0,4.0,D4,62,2,0,0.8010092377662659,True,0.47870805859565735,False,0.39852088689804077,False
177,p0n208,8,2.75,0.25,492.0,4.0,C4,60,2,0,0.8527119755744934,True,0.752031683921814,True,0.32415077090263367,False
178,p0n210,8,3.0,0.5,496.0,8.0,B3,59,2,0,0.3201235830783844,False,0.11574757099151611,False,0.2636277973651886,False
179,p0n211,8,3.0,1.0,496.0,16.0,E3,52,2,0,0.6908349990844727,True,0.743695080280304,True,0.41702160239219666,False
180,p0n212,8,3.25,0.25,500.0,4.0,B5,83,1,0,0.1533907651901245,False,0.09423808753490448,False,0.26203349232673645,False
181,p0n213,8,3.5,0.25,504.0,4.0,A5,81,1,0,0.7691047191619873,True,0.6006447076797485,True,0.49536243081092834,False
182,p0n214,8,3.5,1.5,504.0,24.0,E4,64,2,0,0.8155707716941833,True,0.8618240356445312,True,0.6915966272354126,True
183,p0n215,8,3.75,0.25,508.0,4.0,G5,79,1,0,0.2334306836128235,False,0.2010326087474823,False,0.2747228443622589,False
184,p0n216,9,0.0,2.0,512.0,32.0,F5,77,1,0,0.463483065366745,False,0.5660721659660339,True,0.48563510179519653,False
185,p0n218,9,0.0,0.25,512.0,4.0,A3,57,2,0,0.8914483189582825,True,0.6010375022888184,True,0.36957067251205444,False
186,p0n220,9,0.25,0.25,516.0,4.0,B3,59,2,0,0.17176783084869385,False,0.080266073346138,False,0.25909748673439026,False
187,p0n221,9,0.5,0.5,520.0,8.0,G4,67,1,0,0.5199297070503235,True,0.08205873519182205,False,0.2589329779148102,False
188,p0n222,9,0.5,0.25,520.0,4.0,C4,60,2,0,0.9435583353042603,True,0.27579358220100403,False,0.2812957465648651,False
189,p0n223,9,0.75,0.25,524.0,4.0,D4,62,2,0,0.44690951704978943,False,0.2061956822872162,False,0.2747751772403717,False
190,p0n224,9,1.0,0.5,528.0,8.0,A4,69,1,0,0.9874638319015503,True,0.872511625289917,True,0.6895391345024109,True
191,p0n225,9,1.0,1.0,528.0,16.0,D4,62,2,0,0.867727518081665,True,0.5384121537208557,True,0.6446349620819092,True
192,p0n226,9,1.0,0.25,528.0,4.0,C4,60,2,0,0.9575176239013672,True,0.36545446515083313,False,0.30197346210479736,False
193,p0n227,9,1.25,0.25,532.0,4.0,B3,59,2,0,0.12199551612138748,False,0.08454791456460953,False,0.25943073630332947,False
194,p0n228,9,1.5,0.5,536.0,8.0,B4,71,1,0,0.14138062298297882,False,0.09814928472042084,False,0.27203720808029175,False
195,p0n229,9,1.5,0.25,536.0,4.0,A3,57,2,0,0.9573208093643188,True,0.2084702104330063,False,0.2611609101295471,False
196,p0n230,9,1.75,0.25,540.0,4.0,G3,55,2,0,0.4436699151992798,False,0.215026393532753,False,0.28177762031555176,False
197,p0n231,9,2.0,0.75,544.0,12.0,E5,76,1,0,0.701039731502533,True,0.798482358455658,True,0.5830886363983154,True
198,p0n232,9,2.0,0.75,544.0,12.0,C5,72,1,0,0.8507546186447144,True,0.9569482207298279,True,0.7615331411361694,True
199,p0n233,9,2.0,0.25,544.0,4.0,C4,60,2,0,0.9814580082893372,True,0.7575644850730896,True,0.36993375420570374,False
200,p0n234,9,2.0,0.5,544.0,8.0,C4,60,2,0,0.9780162572860718,True,0.8148756623268127,True,0.4276350140571594,False
201,p0n235,9,2.25,0.25,548.0,4.0,B3,59,2,0,0.4540572166442871,False,0.16834081709384918,False,0.27554288506507874,False
202,p0n236,9,2.5,0.25,552.0,4.0,C4,60,2,0,0.9455094337463379,True,0.3650868535041809,False,0.26980915665626526,False
203,p0n238,9,2.75,0.25,556.0,4.0,F#5,78,1,0,0.14711961150169373,False,0.1494835913181305,False,0.2820580303668976,False
204,p0n239,9,2.75,0.125,556.0,2.0,D5,74,1,0,0.02967146411538124,False,0.1047646552324295,False,0.25397151708602905,False
205,p0n240,9,2.75,0.25,556.0,4.0,A3,57,2,0,0.9729433059692383,True,0.24903427064418793,False,0.23915661871433258,False
206,p0n241,9,2.875,0.125,558.0,2.0,C5,72,1,0,0.7170329093933105,True,0.2509704828262329,False,0.27015000581741333,False
207,p0n242,9,3.0,2.0,560.0,32.0,G5,79,1,0,0.7268751859664917,True,0.8212323784828186,True,0.6227596998214722,True
208,p0n243,9,3.0,0.5,560.0,8.0,B4,71,1,0,0.1271873265504837,False,0.10346018522977829,False,0.26207637786865234,False
209,p0n244,9,3.0,0.25,560.0,4.0,E4,64,2,0,0.7152404189109802,True,0.9704987406730652,True,0.7468592524528503,True
210,p0n246,9,3.25,0.25,564.0,4.0,D4,62,2,0,0.8237842917442322,True,0.5096553564071655,True,0.5103644132614136,True
211,p0n247,9,3.5,0.5,568.0,8.0,E5,76,1,0,0.8766545057296753,True,0.36233043670654297,False,0.3020395338535309,False
212,p0n248,9,3.5,0.25,568.0,4.0,C4,60,2,0,0.8900328874588013,True,0.4797322750091553,False,0.3013165295124054,False
213,p0n249,9,3.75,0.25,572.0,4.0,B3,59,2,0,0.38642823696136475,False,0.1872081458568573,False,0.2757221758365631,False
214,p0n251,10,0.0,0.5,576.0,8.0,A4,69,1,0,0.9213206768035889,True,0.9251489639282227,True,0.7972314953804016,True
215,p0n252,10,0.0,0.25,576.0,4.0,C4,60,2,0,0.92581707239151,True,0.8405296802520752,True,0.5377252697944641,True
216,p0n254,10,0.25,0.25,580.0,4.0,A3,57,2,0,0.9450491666793823,True,0.4930526316165924,False,0.3037070035934448,False
217,p0n255,10,0.5,0.75,584.0,12.0,D5,74,1,0,0.5128070712089539,True,0.2661246359348297,False,0.27762436866760254,False
218,p0n256,10,0.5,0.25,584.0,4.0,B3,59,2,0,0.4217155873775482,False,0.16897065937519073,False,0.28405287861824036,False
219,p0n257,10,0.75,0.25,588.0,4.0,C4,60,2,0,0.903400719165802,True,0.16703389585018158,False,0.2571011185646057,False
220,p0n258,10,1.0,1.0,592.0,16.0,F#5,78,1,0,0.16440099477767944,False,0.19209608435630798,False,0.29359906911849976,False
221,p0n260,10,1.0,0.25,592.0,4.0,D4,62,2,0,0.7796472311019897,True,0.45042043924331665,False,0.36806055903434753,False
222,p0n261,10,1.25,0.25,596.0,4.0,E5,76,1,0,0.44249552488327026,False,0.16427694261074066,False,0.2805728614330292,False
223,p0n262,10,1.25,0.25,596.0,4.0,C4,60,2,0,0.7926857471466064,True,0.14610007405281067,False,0.25397321581840515,False
224,p0n263,10,1.5,0.25,600.0,4.0,D5,74,1,0,0.4653414487838745,False,0.2553160488605499,False,0.30640333890914917,False
225,p0n264,10,1.5,0.25,600.0,4.0,B3,59,2,0,0.7672556042671204,True,0.25637394189834595,False,0.29785534739494324,False
226,p0n265,10,1.75,0.25,604.0,4.0,C5,72,1,0,0.6993201375007629,True,0.12112100422382355,False,0.25902602076530457,False
227,p0n266,10,1.75,0.25,604.0,4.0,A3,57,2,0,0.9825993776321411,True,0.4070300757884979,False,0.26379498839378357,False
228,p0n267,10,2.0,0.25,608.0,4.0,G5,79,1,0,0.8096078634262085,True,0.6282686591148376,True,0.426933228969574,False
229,p0n268,10,2.0,0.5,608.0,8.0,B4,71,1,0,0.3423757255077362,False,0.15090274810791016,False,0.27598461508750916,False
230,p0n269,10,2.0,1.0,608.0,16.0,G3,55,2,0,0.9878194332122803,True,0.8765683174133301,True,0.7828188538551331,True
231,p0n271,10,2.25,0.25,612.0,4.0,F5,77,1,0,0.7461803555488586,True,0.45633816719055176,False,0.34475651383399963,False
232,p0n272,10,2.5,0.25,616.0,4.0,E5,76,1,0,0.745438814163208,True,0.7174574136734009,True,0.4395325481891632,False
233,p0n273,10,2.5,0.5,616.0,8.0,G2,43,2,0,0.6368459463119507,True,0.4088574945926666,False,0.2866504490375519,False
234,p0n275,10,2.75,0.25,620.0,4.0,D5,74,1,0,0.29942816495895386,False,0.15901519358158112,False,0.2633928060531616,False
235,p0n276,10,3.0,0.25,624.0,4.0,C5,72,1,0,0.8097205758094788,True,0.312427818775177,False,0.3048117458820343,False
236,p0n277,10,3.0,0.5,624.0,8.0,A2,45,2,0,0.7506090402603149,True,0.39765340089797974,False,0.31216973066329956,False
237,p0n280,10,3.25,0.25,628.0,4.0,D5,74,1,0,0.07504074275493622,False,0.11136023700237274,False,0.25483623147010803,False
238,p0n281,10,3.5,0.25,632.0,4.0,C5,72,1,0,0.643041729927063,True,0.1108374148607254,False,0.2737274765968323,False
239,p0n282,10,3.5,0.5,632.0,8.0,D4,62,1,0,0.7447555661201477,True,0.3199901580810547,False,0.3499116003513336,False
240,p0n283,10,3.5,0.5,632.0,8.0,B2,47,2,0,0.07078604400157928,False,0.0971585065126419,False,0.27041375637054443,False
241,p0n284,10,3.75,0.25,636.0,4.0,B4,71,1,0,0.30913180112838745,False,0.08388994634151459,False,0.26036337018013,False
242,p0n285,11,0.0,0.25,640.0,4.0,A4,69,1,0,0.9535647034645081,True,0.9928385615348816,True,0.9390580058097839,True
243,p0n286,11,0.0,0.5,640.0,8.0,E4,64,1,0,0.7371597290039062,True,0.8898571729660034,True,0.5993244051933289,True
244,p0n287,11,0.0,0.75,640.0,12.0,C3,48,2,0,0.8591318726539612,True,0.9623240828514099,True,0.678778350353241,True
245,p0n289,11,0.25,0.25,644.0,4.0,C5,72,1,0,0.454307496547699,False,0.20714576542377472,False,0.28332608938217163,False
246,p0n290,11,0.5,0.25,648.0,4.0,B4,71,1,0,0.7434706687927246,True,0.16774706542491913,False,0.2663462460041046,False
247,p0n291,11,0.5,0.5,648.0,8.0,F#4,66,1,0,0.8119773864746094,True,0.7712121605873108,True,0.6653591990470886,True
248,p0n292,11,0.75,0.25,652.0,4.0,A4,69,1,0,0.9643893837928772,True,0.8412843942642212,True,0.6612968444824219,True
249,p0n293,11,0.75,0.125,652.0,2.0,D3,50,2,0,0.4718667268753052,False,0.24687746167182922,False,0.2824000418186188,False
250,p0n294,11,0.875,0.125,654.0,2.0,C3,48,2,0,0.6385492086410522,True,0.7052657008171082,True,0.334551066160202,False
251,p0n295,11,1.0,0.5,656.0,8.0,G4,67,1,0,0.4825507402420044,False,0.49696335196495056,False,0.36891689896583557,False
252,p0n296,11,1.0,0.75,656.0,12.0,G4,67,1,0,0.48196008801460266,False,0.34084048867225647,False,0.3072458803653717,False
253,p0n297,11,1.0,0.5,656.0,8.0,B2,47,2,0,0.09128641337156296,False,0.11239084601402283,False,0.26124459505081177,False
254,p0n299,11,1.5,0.5,664.0,8.0,E3,52,2,0,0.5514679551124573,True,0.8299726843833923,True,0.481997549533844,False
255,p0n300,11,1.75,0.125,668.0,2.0,A4,69,1,0,0.8798227906227112,True,0.8640791177749634,True,0.6827126741409302,True
256,p0n301,11,1.875,0.125,670.0,2.0,G4,67,1,0,0.7106338739395142,True,0.1563345342874527,False,0.2568017542362213,False
257,p0n303,11,2.0,0.5,672.0,8.0,F#4,66,1,0,0.842231810092926,True,0.7278888821601868,True,0.7407461404800415,True
258,p0n304,11,2.0,0.5,672.0,8.0,A2,45,2,0,0.1690671294927597,False,0.19019006192684174,False,0.27751874923706055,False
259,p0n305,11,2.25,0.25,676.0,4.0,C5,72,1,0,0.5300197601318359,True,0.3645927906036377,False,0.26833805441856384,False
260,p0n306,11,2.5,0.25,680.0,4.0,B4,71,1,0,0.4816576838493347,False,0.084425188601017,False,0.2713107168674469,False
261,p0n307,11,2.5,0.5,680.0,8.0,B4,71,1,0,0.6028726100921631,True,0.11307144910097122,False,0.2602916657924652,False
262,p0n308,11,2.5,0.75,680.0,12.0,D3,50,2,0,0.5970836281776428,True,0.2853361666202545,False,0.33435824513435364,False
263,p0n309,11,2.75,0.25,684.0,4.0,A4,69,1,0,0.9669376015663147,True,0.8971195816993713,True,0.6544007062911987,True
264,p0n310,11,3.0,0.5,688.0,8.0,G#4,68,1,0,0.8409421443939209,True,0.34205588698387146,False,0.31351467967033386,False
265,p0n311,11,3.0,0.5,688.0,8.0,E4,64,1,0,0.6361808180809021,True,0.8122303485870361,True,0.5022441148757935,True
266,p0n313,11,3.25,0.25,692.0,4.0,E3,52,2,0,0.41255369782447815,False,0.17191782593727112,False,0.27677786350250244,False
267,p0n314,11,3.5,0.5,696.0,8.0,E5,76,1,0,0.8886558413505554,True,0.6293517351150513,True,0.3875109553337097,False
268,p0n315,11,3.5,0.75,696.0,12.0,A4,69,1,0,0.8939314484596252,True,0.5031026005744934,True,0.37441137433052063,False
269,p0n316,11,3.5,0.25,696.0,4.0,D3,50,2,0,0.8629549145698547,True,0.295114666223526,False,0.3473072648048401,False
270,p0n317,11,3.75,0.25,700.0,4.0,C3,48,2,0,0.7519607543945312,True,0.8694295287132263,True,0.5685528516769409,True
271,p0n318,12,0.0,0.5,704.0,8.0,D5,74,1,0,0.32962459325790405,False,0.3300432562828064,False,0.32780539989471436,False
272,p0n320,12,0.0,0.5,704.0,8.0,B2,47,2,0,0.4589442014694214,False,0.30486372113227844,False,0.3269399106502533,False
273,p0n322,12,0.25,0.25,708.0,4.0,B4,71,1,0,0.29449477791786194,False,0.09059217572212219,False,0.2608192563056946,False
274,p0n323,12,0.5,0.25,712.0,4.0,C5,72,1,0,0.7840011119842529,True,0.669643759727478,True,0.5158142447471619,True
275,p0n324,12,0.5,0.25,712.0,4.0,A4,69,1,0,0.9160725474357605,True,0.4631558954715729,False,0.31170663237571716,False
276,p0n325,12,0.5,0.5,712.0,8.0,E3,52,2,0,0.7109119892120361,True,0.739141047000885,True,0.4944556951522827,False
277,p0n326,12,0.5,1.0,712.0,16.0,E3,52,2,0,0.5878140330314636,True,0.5205607414245605,True,0.3452225923538208,False
278,p0n327,12,0.75,0.25,716.0,4.0,B4,71,1,0,0.46578168869018555,False,0.08151483535766602,False,0.2613360583782196,False
279,p0n328,12,0.75,0.25,716.0,4.0,G#4,68,1,0,0.4559467136859894,False,0.11033513396978378,False,0.27143627405166626,False
280,p0n329,12,1.0,0.25,720.0,4.0,A4,69,1,0,0.9871904253959656,True,0.38558781147003174,False,0.3067170977592468,False
281,p0n330,12,1.0,0.5,720.0,8.0,F#4,66,1,0,0.8279350399971008,True,0.39173394441604614,False,0.3551505506038666,False
282,p0n331,12,1.0,0.5,720.0,8.0,F#3,54,2,0,0.9339409470558167,True,0.4540926516056061,False,0.4190848767757416,False
283,p0n332,12,1.25,0.25,724.0,4.0,G#4,68,1,0,0.4404670298099518,False,0.13814745843410492,False,0.2758355438709259,False
284,p0n333,12,1.5,0.25,728.0,4.0,A4,69,1,0,0.9966105818748474,True,0.1367405503988266,False,0.2537522315979004,False
285,p0n334,12,1.5,0.5,728.0,8.0,F4,65,1,0,0.7780891060829163,True,0.2743755877017975,False,0.2896108627319336,False
286,p0n335,12,1.5,0.5,728.0,8.0,G#3,56,2,0,0.8739969730377197,True,0.11696314811706543,False,0.27189400792121887,False
287,p0n336,12,1.5,0.5,728.0,8.0,D3,50,2,0,0.740647554397583,True,0.2909354567527771,False,0.31319406628608704,False
288,p0n337,12,1.75,0.25,732.0,4.0,B4,71,1,0,0.2021893858909607,False,0.08456102013587952,False,0.2605966031551361,False
289,p0n338,12,2.0,0.25,736.0,4.0,C5,72,1,0,0.8367805480957031,True,0.9871482253074646,True,0.7122273445129395,True
290,p0n339,12,2.0,0.5,736.0,8.0,E4,64,1,0,0.7958932518959045,True,0.9851758480072021,True,0.674541175365448,True
291,p0n340,12,2.0,0.75,736.0,12.0,A3,57,2,0,0.9195421934127808,True,0.8844949007034302,True,0.5008007884025574,True
292,p0n341,12,2.0,0.5,736.0,8.0,C3,48,2,0,0.868960440158844,True,0.9761075973510742,True,0.8391655087471008,True
293,p0n342,12,2.25,0.25,740.0,4.0,F#4,66,1,0,0.9186817407608032,True,0.36726629734039307,False,0.28109994530677795,False
294,p0n343,12,2.5,0.25,744.0,4.0,A4,69,1,0,0.890775740146637,True,0.5048474073410034,True,0.2392382025718689,False
295,p0n344,12,2.5,0.75,744.0,12.0,D4,62,1,0,0.4449426531791687,False,0.18530835211277008,False,0.28055885434150696,False
296,p0n345,12,2.5,1.0,744.0,16.0,F3,53,2,0,0.6652172803878784,True,0.4583072364330292,False,0.3794735074043274,False
297,p0n346,12,2.75,0.25,748.0,4.0,G#4,68,1,0,0.7425265908241272,True,0.48482438921928406,False,0.364123672246933,False
298,p0n347,12,2.75,0.125,748.0,2.0,B3,59,2,0,0.12985485792160034,False,0.08506010472774506,False,0.2583746910095215,False
299,p0n348,12,2.875,0.125,750.0,2.0,A3,57,2,0,0.8736592531204224,True,0.47370821237564087,False,0.32277220487594604,False
300,p0n349,12,3.0,0.5,752.0,8.0,B4,71,1,0,0.5806289315223694,True,0.15903304517269135,False,0.26690244674682617,False
301,p0n351,12,3.0,0.5,752.0,8.0,G#3,56,2,0,0.6865588426589966,True,0.14878837764263153,False,0.26457738876342773,False
302,p0n352,12,3.25,0.25,756.0,4.0,E4,64,1,0,0.9415863752365112,True,0.77169269323349,True,0.49437910318374634,False
303,p0n353,12,3.5,0.25,760.0,4.0,A4,69,1,0,0.9597658514976501,True,0.6590998768806458,True,0.27865979075431824,False
304,p0n354,12,3.5,0.25,760.0,4.0,F#4,66,1,0,0.8070159554481506,True,0.17386344075202942,False,0.2806859314441681,False
305,p0n355,12,3.5,0.5,760.0,8.0,C4,60,2,0,0.8310315608978271,True,0.4168378412723541,False,0.2649294137954712,False
306,p0n356,12,3.5,1.0,760.0,16.0,E3,52,2,0,0.9524191617965698,True,0.9580276608467102,True,0.7206363081932068,True
307,p0n357,12,3.75,0.25,764.0,4.0,B4,71,1,0,0.05822189152240753,False,0.07734305411577225,False,0.25839242339134216,False
308,p0n358,12,3.75,0.25,764.0,4.0,G#4,68,1,0,0.46233707666397095,False,0.20051497220993042,False,0.2846696078777313,False
309,p0n359,13,0.0,0.5,768.0,8.0,C5,72,1,0,0.5383354425430298,True,0.5665343999862671,True,0.33953857421875,False
310,p0n360,13,0.0,0.25,768.0,4.0,A4,69,1,0,0.9483492374420166,True,0.7048376798629761,True,0.5156580805778503,True
311,p0n361,13,0.0,0.5,768.0,8.0,F#3,54,2,0,0.9661650061607361,True,0.7935644388198853,True,0.5495792031288147,True
312,p0n363,13,0.25,0.25,772.0,4.0,G#4,68,1,0,0.1784486621618271,False,0.11371652781963348,False,0.26993730664253235,False
313,p0n364,13,0.5,0.5,776.0,8.0,F5,77,1,0,0.8567792177200317,True,0.7060714960098267,True,0.5106229186058044,True
314,p0n365,13,0.5,0.25,776.0,4.0,A4,69,1,0,0.9455190300941467,True,0.11420958489179611,False,0.2675153911113739,False
315,p0n366,13,0.5,0.75,776.0,12.0,B3,59,2,0,0.3080928325653076,False,0.09570745378732681,False,0.2707808017730713,False
316,p0n367,13,0.5,1.0,776.0,16.0,D3,50,2,0,0.8464475274085999,True,0.5358221530914307,True,0.9261481165885925,True
317,p0n368,13,0.75,0.25,780.0,4.0,B4,71,1,0,0.1326826512813568,False,0.08150149881839752,False,0.25913047790527344,False
318,p0n369,13,1.0,0.5,784.0,8.0,E5,76,1,0,0.5738805532455444,True,0.5888014435768127,True,0.6442111134529114,True
319,p0n370,13,1.0,0.25,784.0,4.0,G#4,68,1,0,0.6725304126739502,True,0.5103586912155151,True,0.3683004379272461,False
320,p0n372,13,1.25,0.25,788.0,4.0,F#4,66,1,0,0.552904486656189,True,0.3031271994113922,False,0.31486570835113525,False
321,p0n373,13,1.25,0.25,788.0,4.0,C4,60,2,0,0.24596799910068512,False,0.11339522898197174,False,0.2597677707672119,False
322,p0n374,13,1.5,1.0,792.0,16.0,D5,74,1,0,0.6263238787651062,True,0.12814277410507202,False,0.2678587734699249,False
323,p0n375,13,1.5,0.25,792.0,4.0,G#4,68,1,0,0.21997472643852234,False,0.12170566618442535,False,0.28204306960105896,False
324,p0n376,13,1.5,0.25,792.0,4.0,B3,59,2,0,0.551056981086731,True,0.09955866634845734,False,0.256519615650177,False
325,p0n377,13,1.5,0.5,792.0,8.0,E3,52,2,0,0.9739675521850586,True,0.9606499671936035,True,0.8977218866348267,True
326,p0n378,13,1.75,0.25,796.0,4.0,A4,69,1,0,0.11168349534273148,False,0.11144732683897018,False,0.26003485918045044,False
327,p0n379,13,1.75,0.25,796.0,4.0,A3,57,2,0,0.8581762909889221,True,0.49402886629104614,False,0.3173975646495819,False
328,p0n381,13,2.0,0.5,800.0,8.0,B4,71,1,0,0.5831297039985657,True,0.22473177313804626,False,0.2809341847896576,False
329,p0n382,13,2.0,0.5,800.0,8.0,G#3,56,2,0,0.36182931065559387,False,0.2854970693588257,False,0.31281590461730957,False
330,p0n383,13,2.0,0.5,800.0,8.0,F3,53,2,0,0.9543779492378235,True,0.9943575263023376,True,0.7849646806716919,True
331,p0n384,13,2.5,0.25,808.0,4.0,C5,72,1,0,0.8250265717506409,True,0.5635569095611572,True,0.26090142130851746,False
332,p0n385,13,2.5,1.0,808.0,16.0,A3,57,2,0,0.5035606622695923,True,0.5433647632598877,True,0.5488630533218384,True
333,p0n386,13,2.5,0.25,808.0,4.0,E3,52,2,0,0.9083671569824219,True,0.9594833254814148,True,0.8168330192565918,True
334,p0n388,13,2.75,0.25,812.0,4.0,B4,71,1,0,0.4823441803455353,False,0.05975606292486191,False,0.25865402817726135,False
335,p0n389,13,2.75,0.25,812.0,4.0,D3,50,2,0,0.9468353390693665,True,0.7472228407859802,True,0.7627607583999634,True
336,p0n391,13,3.0,0.0625,816.0,1.0,C5,72,1,0,0.9238328337669373,True,0.8230196237564087,True,0.2606743574142456,False
337,p0n390,13,3.0,0.75,816.0,12.0,B4,71,1,0,0.4555191695690155,False,0.17053596675395966,False,0.2748931050300598,False
338,p0n392,13,3.0,1.0,816.0,16.0,E3,52,2,0,0.9285065531730652,True,0.979887843132019,True,0.8261752724647522,True
339,p0n394,13,3.0625,0.0625,817.0,1.0,B4,71,1,0,0.7688679695129395,True,0.10584074258804321,False,0.2652592658996582,False
340,p0n395,13,3.125,0.0625,818.0,1.0,C5,72,1,0,0.8927784562110901,True,0.21695664525032043,False,0.2344428449869156,False
341,p0n396,13,3.1875,0.0625,819.0,1.0,B4,71,1,0,0.8990876078605652,True,0.09460955113172531,False,0.2617087662220001,False
342,p0n397,13,3.25,0.0625,820.0,1.0,C5,72,1,0,0.6083711385726929,True,0.3886188566684723,False,0.21999844908714294,False
343,p0n398,13,3.3125,0.4375,821.0,7.0,B4,71,1,0,0.4883102774620056,False,0.051731932908296585,False,0.26003146171569824,False
344,p0n399,13,3.5,0.5,824.0,8.0,G#3,56,2,0,0.2790704071521759,False,0.14050310850143433,False,0.2863744795322418,False
345,p0n400,13,3.75,0.25,828.0,4.0,A4,69,1,0,0.5986119508743286,True,0.563075840473175,True,0.43993908166885376,False
346,p0n401,14,0.0,1.0,832.0,16.0,A4,69,1,0,0.9066929221153259,True,0.9493421912193298,True,0.640984058380127,True
347,p0n402,14,0.0,1.0,832.0,16.0,A3,57,2,0,0.8239672780036926,True,0.8061141967773438,True,0.695163369178772,True
348,p0n403,14,0.0,1.0,832.0,16.0,A2,45,2,0,0.9409446120262146,True,0.4964948296546936,False,0.3532281517982483,False
349,p0n405,14,0.5,0.5,840.0,8.0,C4,60,1,0,0.9164808392524719,True,0.86125248670578,True,0.45529934763908386,False
350,p0n409,14,1.0,0.5,848.0,8.0,D4,62,1,0,0.8951852321624756,True,0.5371813178062439,True,0.3929196298122406,False
351,p0n410,14,1.5,0.5,856.0,8.0,E4,64,1,0,0.6548488140106201,True,0.5439848899841309,True,0.47608184814453125,False
352,p0n411,14,1.5,0.5,856.0,8.0,G3,55,2,0,0.06163178011775017,False,0.1191401556134224,False,0.26589086651802063,False
353,p0n412,14,2.0,0.75,864.0,12.0,F4,65,1,0,0.8886597156524658,True,0.9424121975898743,True,0.7376076579093933,True
354,p0n413,14,2.0,0.5,864.0,8.0,A3,57,2,0,0.8549132347106934,True,0.7330039739608765,True,0.47099587321281433,False
355,p0n416,14,2.5,0.5,872.0,8.0,B3,59,2,0,0.8079884648323059,True,0.41849714517593384,False,0.36141839623451233,False
356,p0n417,14,2.75,0.125,876.0,2.0,G4,67,1,0,0.09273646771907806,False,0.12336312979459763,False,0.2556629776954651,False
357,p0n418,14,2.875,0.125,878.0,2.0,F4,65,1,0,0.8322122693061829,True,0.5139658451080322,True,0.3873851001262665,False
358,p0n419,14,3.0,0.5,880.0,8.0,E4,64,1,0,0.7542724609375,True,0.612162172794342,True,0.39436444640159607,False
359,p0n420,14,3.0,0.75,880.0,12.0,C4,60,1,0,0.9888688325881958,True,0.9433208703994751,True,0.6619514226913452,True
360,p0n421,14,3.5,0.5,888.0,8.0,A4,69,1,0,0.8952430486679077,True,0.37557563185691833,False,0.3240433633327484,False
361,p0n422,14,3.75,0.125,892.0,2.0,D4,62,1,0,0.2493775486946106,False,0.1480843424797058,False,0.2601063847541809,False
362,p0n423,14,3.875,0.125,894.0,2.0,C4,60,1,0,0.9668589234352112,True,0.6124559044837952,True,0.4075210988521576,False
363,p0n426,15,0.0,0.5,896.0,8.0,D4,62,1,0,0.6552242636680603,True,0.7839282751083374,True,0.4654103219509125,False
364,p0n427,15,0.0,0.5,896.0,8.0,B3,59,1,0,0.4642072319984436,False,0.25599169731140137,False,0.3118770122528076,False
365,p0n428,15,0.5,0.75,904.0,12.0,G4,67,1,0,0.13881275057792664,False,0.14347323775291443,False,0.2700638175010681,False
366,p0n429,15,0.5,0.5,904.0,8.0,E4,64,1,0,0.6378116011619568,True,0.3653172254562378,False,0.33463481068611145,False
367,p0n430,15,0.5,0.5,904.0,8.0,G2,43,2,0,0.21522988379001617,False,0.1520175337791443,False,0.2718891203403473,False
368,p0n432,15,1.0,0.5,912.0,8.0,A3,57,1,0,0.9696154594421387,True,0.8115684986114502,True,0.5531175136566162,True
369,p0n433,15,1.0,0.5,912.0,8.0,A2,45,2,0,0.9685964584350586,True,0.312025785446167,False,0.25693175196647644,False
370,p0n434,15,1.25,0.25,916.0,4.0,A4,69,1,0,0.5940283536911011,True,0.32619279623031616,False,0.2956637442111969,False
371,p0n435,15,1.5,0.25,920.0,4.0,G4,67,1,0,0.09937401860952377,False,0.13228009641170502,False,0.26788070797920227,False
372,p0n436,15,1.5,1.0,920.0,16.0,D4,62,1,0,0.46583181619644165,False,0.13362540304660797,False,0.27152928709983826,False
373,p0n437,15,1.5,0.5,920.0,8.0,B2,47,2,0,0.16140224039554596,False,0.11034873127937317,False,0.2718844711780548,False
374,p0n438,15,1.75,0.25,924.0,4.0,F4,65,1,0,0.6900052428245544,True,0.7749086618423462,True,0.5650932192802429,True
375,p0n440,15,2.0,0.5,928.0,8.0,E4,64,1,0,0.9106044769287109,True,0.9544683694839478,True,0.7532985806465149,True
376,p0n442,15,2.0,0.75,928.0,12.0,C3,48,2,0,0.9744364619255066,True,0.9414030313491821,True,0.8453396558761597,True
377,p0n444,15,2.5,0.5,936.0,8.0,G4,67,1,0,0.19799089431762695,False,0.14078927040100098,False,0.2681007385253906,False
378,p0n443,15,2.5,0.5,936.0,8.0,E4,64,1,0,0.8832570910453796,True,0.44356071949005127,False,0.38343560695648193,False
379,p0n445,15,2.5,0.5,936.0,8.0,G3,55,2,0,0.5558298826217651,True,0.92404705286026,True,0.6776829957962036,True
380,p0n446,15,2.75,0.125,940.0,2.0,D3,50,2,0,0.36378374695777893,False,0.2607758343219757,False,0.28498151898384094,False
381,p0n447,15,2.875,0.125,942.0,2.0,C3,48,2,0,0.8305314779281616,True,0.5013759136199951,True,0.4761752486228943,False
382,p0n449,15,3.0,0.5,944.0,8.0,A4,69,1,0,0.736529529094696,True,0.8107120394706726,True,0.5087751150131226,True
383,p0n448,15,3.0,0.5,944.0,8.0,F#4,66,1,0,0.7868250608444214,True,0.6615975499153137,True,0.607660174369812,True
384,p0n450,15,3.0,1.0,944.0,16.0,D4,62,1,0,0.652245044708252,True,0.3368631899356842,False,0.3158532977104187,False
385,p0n451,15,3.0,0.5,944.0,8.0,B2,47,2,0,0.18637171387672424,False,0.12833620607852936,False,0.2632203996181488,False
386,p0n453,15,3.5,0.5,952.0,8.0,B4,71,1,0,0.034437231719493866,False,0.08803147077560425,False,0.2686889171600342,False
387,p0n452,15,3.5,1.0,952.0,16.0,G4,67,1,0,0.44795650243759155,False,0.24182501435279846,False,0.2967561185359955,False
388,p0n454,15,3.5,0.5,952.0,8.0,E3,52,2,0,0.8527348637580872,True,0.6553820371627808,True,0.6379845142364502,True
389,p0n455,16,0.0,0.75,960.0,12.0,C5,72,1,0,0.9310179948806763,True,0.9149986505508423,True,0.46818807721138,False
390,p0n457,16,0.0,0.5,960.0,8.0,C4,60,1,0,0.5805663466453552,True,0.8416544795036316,True,0.5234665870666504,True
391,p0n458,16,0.0,0.5,960.0,8.0,A2,45,2,0,0.40894532203674316,False,0.26149699091911316,False,0.3088006377220154,False
392,p0n459,16,0.5,0.5,968.0,8.0,F#4,66,1,0,0.7432576417922974,True,0.35408028960227966,False,0.38572877645492554,False
393,p0n460,16,0.5,0.5,968.0,8.0,A3,57,2,0,0.5577624440193176,True,0.293285071849823,False,0.27248746156692505,False
394,p0n461,16,0.5,0.75,968.0,12.0,D3,50,2,0,0.8813791275024414,True,0.40257173776626587,False,0.3304797112941742,False
395,p0n462,16,0.75,0.125,972.0,2.0,D5,74,1,0,0.22129607200622559,False,0.14234060049057007,False,0.259148508310318,False
396,p0n463,16,0.875,0.125,974.0,2.0,C5,72,1,0,0.794876754283905,True,0.2534753382205963,False,0.243071511387825,False
397,p0n465,16,1.0,0.5,976.0,8.0,B4,71,1,0,0.18552856147289276,False,0.118443563580513,False,0.260996550321579,False
398,p0n464,16,1.0,0.5,976.0,8.0,G4,67,1,0,0.6970137357711792,True,0.8511164784431458,True,0.4544934928417206,False
399,p0n466,16,1.0,1.0,976.0,16.0,E4,64,1,0,0.7200716137886047,True,0.7044669985771179,True,0.6402129530906677,True
400,p0n468,16,1.25,0.25,980.0,4.0,E3,52,2,0,0.5635791420936584,True,0.6691340208053589,True,0.46812254190444946,False
401,p0n470,16,1.5,0.5,984.0,8.0,C5,72,1,0,0.3079635202884674,False,0.15159186720848083,False,0.27821049094200134,False
402,p0n469,16,1.5,1.0,984.0,16.0,A4,69,1,0,0.7314323782920837,True,0.6614503860473633,True,0.6109246611595154,True
403,p0n471,16,1.5,0.25,984.0,4.0,D3,50,2,0,0.844140887260437,True,0.5637635588645935,True,0.2780982553958893,False
404,p0n472,16,1.75,0.25,988.0,4.0,C3,48,2,0,0.9403604865074158,True,0.3585265874862671,False,0.3033563196659088,False
405,p0n473,16,2.0,0.5,992.0,8.0,D5,74,1,0,0.6351962685585022,True,0.8452147245407104,True,0.6388370990753174,True
406,p0n475,16,2.0,0.5,992.0,8.0,D4,62,1,0,0.9244408011436462,True,0.8169170022010803,True,0.5790420174598694,True
407,p0n476,16,2.0,0.5,992.0,8.0,B2,47,2,0,0.9017477035522461,True,0.9051568508148193,True,0.8290808200836182,True
408,p0n477,16,2.5,0.5,1000.0,8.0,E5,76,1,0,0.36218202114105225,False,0.1670359969139099,False,0.2935299575328827,False
409,p0n478,16,2.5,0.5,1000.0,8.0,G4,67,1,0,0.4226597249507904,False,0.20323596894741058,False,0.28087562322616577,False
410,p0n479,16,2.5,0.5,1000.0,8.0,B-2,46,2,0,0.9069100022315979,True,0.6915063261985779,True,0.6753562092781067,True
411,p0n481,16,3.0,0.75,1008.0,12.0,F5,77,1,0,0.5764980316162109,True,0.7622456550598145,True,0.6027155518531799,True
412,p0n482,16,3.0,0.5,1008.0,8.0,A4,69,1,0,0.9313868284225464,True,0.8682382702827454,True,0.7870174646377563,True
413,p0n483,16,3.0,0.5,1008.0,8.0,A2,45,2,0,0.854681134223938,True,0.8510904312133789,True,0.3669070601463318,False
414,p0n485,16,3.5,0.5,1016.0,8.0,B4,71,1,0,0.13104306161403656,False,0.10052331537008286,False,0.2701702117919922,False
415,p0n486,16,3.5,0.5,1016.0,8.0,G2,43,2,0,0.6536873579025269,True,0.716634213924408,True,0.6144882440567017,True
416,p0n487,16,3.75,0.125,1020.0,2.0,G5,79,1,0,0.3179875910282135,False,0.19438551366329193,False,0.2710724174976349,False
417,p0n488,16,3.875,0.125,1022.0,2.0,F5,77,1,0,0.585737943649292,True,0.33432647585868835,False,0.3260994851589203,False
418,p0n489,17,0.0,0.5,1024.0,8.0,E5,76,1,0,0.5967079997062683,True,0.9114514589309692,True,0.7688441872596741,True
419,p0n490,17,0.0,0.75,1024.0,12.0,C5,72,1,0,0.5792109370231628,True,0.6782650351524353,True,0.518922746181488,True
420,p0n491,17,0.0,0.5,1024.0,8.0,A2,45,2,0,0.9654504656791687,True,0.8296775221824646,True,0.557114839553833,True
421,p0n493,17,0.5,0.5,1032.0,8.0,A5,81,1,0,0.5479303598403931,True,0.17861346900463104,False,0.2800906300544739,False
422,p0n494,17,0.5,0.5,1032.0,8.0,A3,57,2,0,0.6537100672721863,True,0.2003287971019745,False,0.2939344346523285,False
423,p0n495,17,0.5,0.5,1032.0,8.0,F#3,54,2,0,0.7873101234436035,True,0.5127878785133362,True,0.4693528413772583,False
424,p0n496,17,0.75,0.125,1036.0,2.0,D5,74,1,0,0.299445778131485,False,0.14013755321502686,False,0.26002001762390137,False
425,p0n497,17,0.875,0.125,1038.0,2.0,C5,72,1,0,0.7442690134048462,True,0.23446552455425262,False,0.2719650864601135,False
426,p0n498,17,1.0,0.5,1040.0,8.0,D5,74,1,0,0.2328513115644455,False,0.16939420998096466,False,0.26329129934310913,False
427,p0n499,17,1.0,0.5,1040.0,8.0,B4,71,1,0,0.1825038194656372,False,0.109065942466259,False,0.2596670687198639,False
428,p0n500,17,1.0,0.5,1040.0,8.0,B3,59,2,0,0.22728952765464783,False,0.12849539518356323,False,0.26098835468292236,False
429,p0n501,17,1.0,0.5,1040.0,8.0,G3,55,2,0,0.7549923062324524,True,0.9211596846580505,True,0.7605124711990356,True
430,p0n502,17,1.5,0.75,1048.0,12.0,G5,79,1,0,0.7144206166267395,True,0.5653610229492188,True,0.3684731423854828,False
431,p0n503,17,1.5,0.5,1048.0,8.0,E5,76,1,0,0.7807779908180237,True,0.7089812159538269,True,0.35455378890037537,False
432,p0n504,17,1.5,0.5,1048.0,8.0,C#4,61,2,0,0.8775956034660339,True,0.831777036190033,True,0.627030611038208,True
433,p0n505,17,1.5,0.5,1048.0,8.0,E3,52,2,0,0.8293042182922363,True,0.4036954939365387,False,0.35904332995414734,False
434,p0n507,17,2.0,0.5,1056.0,8.0,A4,69,1,0,0.9011957049369812,True,0.91049724817276,True,0.8055503964424133,True
435,p0n508,17,2.0,0.75,1056.0,12.0,D4,62,2,0,0.8879567980766296,True,0.9108502268791199,True,0.6627992987632751,True
436,p0n509,17,2.0,1.0,1056.0,16.0,D3,50,2,0,0.3938121199607849,False,0.44537416100502014,False,0.3591114580631256,False
437,p0n510,17,2.25,0.25,1060.0,4.0,A5,81,1,0,0.2758336663246155,False,0.12706273794174194,False,0.26053759455680847,False
438,p0n511,17,2.5,0.25,1064.0,4.0,G5,79,1,0,0.38974934816360474,False,0.286659836769104,False,0.31059637665748596,False
439,p0n512,17,2.5,0.75,1064.0,12.0,D5,74,1,0,0.37113189697265625,False,0.1712617725133896,False,0.27812981605529785,False
440,p0n513,17,2.75,0.25,1068.0,4.0,F5,77,1,0,0.5745649337768555,True,0.4102112352848053,False,0.3435302674770355,False
441,p0n514,17,2.75,0.125,1068.0,2.0,E4,64,2,0,0.32568129897117615,False,0.1805657595396042,False,0.2801990807056427,False
442,p0n515,17,2.875,0.125,1070.0,2.0,D4,62,2,0,0.5518354773521423,True,0.10484761744737625,False,0.26201149821281433,False
443,p0n516,17,3.0,0.5,1072.0,8.0,E5,76,1,0,0.9113643765449524,True,0.9578455090522766,True,0.562167763710022,True
444,p0n518,17,3.0,0.5,1072.0,8.0,C4,60,2,0,0.5819968581199646,True,0.8199273943901062,True,0.3045192062854767,False
445,p0n519,17,3.0,0.5,1072.0,8.0,E3,52,2,0,0.9811201691627502,True,0.7485817670822144,True,0.7163873314857483,True
446,p0n520,17,3.25,0.25,1076.0,4.0,E5,76,1,0,0.9121383428573608,True,0.4876028299331665,False,0.3010096549987793,False
447,p0n521,17,3.5,0.5,1080.0,8.0,A5,81,1,0,0.4617312550544739,False,0.16250580549240112,False,0.2838866412639618,False
448,p0n522,17,3.5,0.25,1080.0,4.0,D5,74,1,0,0.8202005624771118,True,0.4144177734851837,False,0.40350812673568726,False
449,p0n523,17,3.5,0.5,1080.0,8.0,F4,65,2,0,0.8203107714653015,True,0.5041094422340393,True,0.4160696268081665,False
450,p0n524,17,3.5,0.5,1080.0,8.0,F3,53,2,0,0.843164324760437,True,0.477705717086792,False,0.3616613447666168,False
451,p0n525,17,3.75,0.25,1084.0,4.0,C5,72,1,0,0.14171148836612701,False,0.1311398148536682,False,0.26172560453414917,False
452,p0n526,18,0.0,0.5,1088.0,8.0,D5,74,1,0,0.9309713840484619,True,0.8482518196105957,True,0.732909619808197,True
453,p0n527,18,0.0,0.5,1088.0,8.0,B4,71,1,0,0.274380087852478,False,0.1715545505285263,False,0.2871667146682739,False
454,p0n528,18,0.0,0.5,1088.0,8.0,B3,59,2,0,0.08491271734237671,False,0.1419232040643692,False,0.27901652455329895,False
455,p0n529,18,0.0,0.75,1088.0,12.0,G3,55,2,0,0.5767925977706909,True,0.6656140089035034,True,0.6041759848594666,True
456,p0n530,18,0.5,0.5,1096.0,8.0,B-5,82,1,0,0.9185657501220703,True,0.7101294994354248,True,0.6571398973464966,True
457,p0n531,18,0.5,0.5,1096.0,8.0,G5,79,1,0,0.12225742638111115,False,0.15231303870677948,False,0.27201157808303833,False
458,p0n532,18,0.5,0.75,1096.0,12.0,E4,64,2,0,0.5778430700302124,True,0.8879983425140381,True,0.32147881388664246,False
459,p0n533,18,0.75,0.125,1100.0,2.0,A3,57,2,0,0.3591628670692444,False,0.24183371663093567,False,0.2839331030845642,False
460,p0n534,18,0.875,0.125,1102.0,2.0,G3,55,2,0,0.5738595724105835,True,0.3929433822631836,False,0.31160587072372437,False
461,p0n535,18,1.0,0.5,1104.0,8.0,A5,81,1,0,0.7550718188285828,True,0.871518611907959,True,0.47605207562446594,False
462,p0n536,18,1.0,0.5,1104.0,8.0,C#5,73,1,0,0.22752241790294647,False,0.2225925326347351,False,0.2894197106361389,False
463,p0n538,18,1.0,0.5,1104.0,8.0,F3,53,2,0,0.7467268109321594,True,0.7873238325119019,True,0.5300625562667847,True
464,p0n539,18,1.25,0.25,1108.0,4.0,F4,65,2,0,0.8162962198257446,True,0.42207053303718567,False,0.3414975702762604,False
465,p0n540,18,1.5,0.25,1112.0,4.0,G5,79,1,0,0.2041729837656021,False,0.19656257331371307,False,0.2827439606189728,False
466,p0n541,18,1.5,0.5,1112.0,8.0,D5,74,1,0,0.7277663350105286,True,0.16502252221107483,False,0.2728559374809265,False
467,p0n542,18,1.5,0.25,1112.0,4.0,E4,64,2,0,0.5985996723175049,True,0.7399116158485413,True,0.26513615250587463,False
468,p0n543,18,1.5,0.5,1112.0,8.0,B-3,58,2,0,0.6063655614852905,True,0.5034089684486389,True,0.5813060998916626,True
469,p0n544,18,1.75,0.25,1116.0,4.0,F5,77,1,0,0.02666391432285309,False,0.12934191524982452,False,0.2606205642223358,False
470,p0n545,18,1.75,0.25,1116.0,4.0,D4,62,2,0,0.6822038888931274,True,0.22460825741291046,False,0.2776290774345398,False
471,p0n546,18,2.0,0.25,1120.0,4.0,G5,79,1,0,0.8104458451271057,True,0.9338451623916626,True,0.6957999467849731,True
472,p0n547,18,2.0,0.5,1120.0,8.0,E5,76,1,0,0.7368419766426086,True,0.6766316294670105,True,0.5102481245994568,True
473,p0n548,18,2.0,0.5,1120.0,8.0,C#4,61,2,0,0.7112579345703125,True,0.3932836949825287,False,0.319377601146698,False
474,p0n549,18,2.0,0.5,1120.0,8.0,E3,52,2,0,0.957053542137146,True,0.937908947467804,True,0.8071160316467285,True
475,p0n550,18,2.25,0.25,1124.0,4.0,F5,77,1,0,0.06658334285020828,False,0.14245060086250305,False,0.26312780380249023,False
476,p0n551,18,2.5,0.25,1128.0,4.0,G5,79,1,0,0.5930607914924622,True,0.5361266732215881,True,0.351213276386261,False
477,p0n552,18,2.5,0.5,1128.0,8.0,C#5,73,1,0,0.31349673867225647,False,0.21953831613063812,False,0.3038482666015625,False
478,p0n553,18,2.5,0.75,1128.0,12.0,A3,57,2,0,0.6650720238685608,True,0.24284116923809052,False,0.30852875113487244,False
479,p0n555,18,2.75,0.25,1132.0,4.0,E5,76,1,0,0.4820428490638733,False,0.13518215715885162,False,0.2729387581348419,False
480,p0n556,18,3.0,0.25,1136.0,4.0,F5,77,1,0,0.30192267894744873,False,0.28889474272727966,False,0.3041888177394867,False
481,p0n557,18,3.0,0.5,1136.0,8.0,D5,74,1,0,0.6167411804199219,True,0.5910543203353882,True,0.30019280314445496,False
482,p0n560,18,3.25,0.25,1140.0,4.0,G5,79,1,0,0.3069351315498352,False,0.18490980565547943,False,0.266539067029953,False
483,p0n561,18,3.25,0.25,1140.0,4.0,B-3,58,2,0,0.4520033001899719,False,0.2230156809091568,False,0.2849460542201996,False
484,p0n564,18,3.5,0.0625,1144.0,1.0,A5,81,1,0,0.6285024285316467,True,0.5514309406280518,True,0.3207915723323822,False
485,p0n562,18,3.5,0.25,1144.0,4.0,G5,79,1,0,0.2932993173599243,False,0.24672947824001312,False,0.29444172978401184,False
486,p0n563,18,3.5,0.5,1144.0,8.0,E5,76,1,0,0.4396650195121765,False,0.18639467656612396,False,0.3022270202636719,False
487,p0n565,18,3.5,0.25,1144.0,4.0,A3,57,2,0,0.49737927317619324,False,0.27056774497032166,False,0.3102859854698181,False
488,p0n566,18,3.5625,0.0625,1145.0,1.0,G5,79,1,0,0.6466559767723083,True,0.5737699866294861,True,0.4288519024848938,False
489,p0n567,18,3.625,0.0625,1146.0,1.0,A5,81,1,0,0.5042684674263,True,0.40229150652885437,False,0.28303009271621704,False
490,p0n568,18,3.6875,0.0625,1147.0,1.0,G5,79,1,0,0.591167151927948,True,0.4477311372756958,False,0.3216455578804016,False
491,p0n569,18,3.75,0.125,1148.0,2.0,F5,77,1,0,0.10176721215248108,False,0.15018557012081146,False,0.2646840810775757,False
492,p0n570,18,3.75,0.25,1148.0,4.0,G3,55,2,0,0.14497476816177368,False,0.12723596394062042,False,0.25519859790802,False
493,p0n571,18,3.875,0.125,1150.0,2.0,G5,79,1,0,0.46990084648132324,False,0.3156404495239258,False,0.31514793634414673,False
494,p0n572,19,0.0,0.25,1152.0,4.0,A5,81,1,0,0.7904538512229919,True,0.8968289494514465,True,0.8640890717506409,True
495,p0n573,19,0.0,0.5,1152.0,8.0,A4,69,1,0,0.8699290752410889,True,0.9625750780105591,True,0.894126296043396,True
496,p0n574,19,0.0,0.25,1152.0,4.0,F3,53,2,0,0.6193817853927612,True,0.7564956545829773,True,0.49367550015449524,False
497,p0n576,19,0.25,0.25,1156.0,4.0,C#5,73,1,0,0.20485919713974,False,0.17454025149345398,False,0.27681535482406616,False
498,p0n577,19,0.25,0.25,1156.0,4.0,E3,52,2,0,0.8723963499069214,True,0.65557861328125,True,0.46405765414237976,False
499,p0n578,19,0.5,0.25,1160.0,4.0,D5,74,1,0,0.5281633734703064,True,0.2265172004699707,False,0.23769056797027588,False
500,p0n579,19,0.5,0.5,1160.0,8.0,A3,57,2,0,0.779939591884613,True,0.6477388739585876,True,0.39769113063812256,False
501,p0n580,19,0.5,0.25,1160.0,4.0,F3,53,2,0,0.6121411323547363,True,0.4606364071369171,False,0.36744287610054016,False
502,p0n582,19,0.75,0.25,1164.0,4.0,G5,79,1,0,0.396014541387558,False,0.2976756989955902,False,0.29358652234077454,False
503,p0n583,19,0.75,0.25,1164.0,4.0,D3,50,2,0,0.8999763131141663,True,0.38076886534690857,False,0.2775646150112152,False
504,p0n585,19,1.0,0.0625,1168.0,1.0,F5,77,1,0,0.7091052532196045,True,0.6125873923301697,True,0.5151267647743225,True
505,p0n584,19,1.0,0.75,1168.0,12.0,E5,76,1,0,0.9451501369476318,True,0.8558949828147888,True,0.7083110809326172,True
506,p0n586,19,1.0,0.5,1168.0,8.0,B3,59,2,0,0.6454012393951416,True,0.5193013548851013,True,0.22946414351463318,False
507,p0n587,19,1.0,0.5,1168.0,8.0,G3,55,2,0,0.5543011426925659,True,0.5795851349830627,True,0.33615097403526306,False
508,p0n589,19,1.0625,0.0625,1169.0,1.0,E5,76,1,0,0.9755185842514038,True,0.5219155550003052,True,0.4414040744304657,False
509,p0n590,19,1.125,0.0625,1170.0,1.0,F5,77,1,0,0.3803946077823639,False,0.14140355587005615,False,0.27172303199768066,False
510,p0n591,19,1.1875,0.0625,1171.0,1.0,E5,76,1,0,0.9876744151115417,True,0.25992900133132935,False,0.3164903521537781,False
511,p0n592,19,1.25,0.0625,1172.0,1.0,F5,77,1,0,0.2314600944519043,False,0.14859730005264282,False,0.2664647698402405,False
512,p0n593,19,1.3125,0.4375,1173.0,7.0,E5,76,1,0,0.9783747792243958,True,0.14607617259025574,False,0.28127193450927734,False
513,p0n594,19,1.5,0.5,1176.0,8.0,E4,64,1,0,0.7942985892295837,True,0.22658313810825348,False,0.2887444496154785,False
514,p0n595,19,1.5,0.5,1176.0,8.0,C#4,61,2,0,0.8945002555847168,True,0.13686871528625488,False,0.2810201644897461,False
515,p0n596,19,1.5,0.5,1176.0,8.0,A3,57,2,0,0.6412634253501892,True,0.40627166628837585,False,0.2719326913356781,False
516,p0n597,19,1.75,0.25,1180.0,4.0,D5,74,1,0,0.42023250460624695,False,0.20157572627067566,False,0.2676416337490082,False
517,p0n598,19,2.0,0.5,1184.0,8.0,D5,74,1,0,0.8556687235832214,True,0.8282607197761536,True,0.614266037940979,True
518,p0n599,19,2.0,0.5,1184.0,8.0,F#4,66,1,0,0.5507140755653381,True,0.9076254963874817,True,0.7155618071556091,True
519,p0n600,19,2.0,0.75,1184.0,12.0,D4,62,2,0,0.7852325439453125,True,0.7667104601860046,True,0.5645935535430908,True
520,p0n601,19,2.0,2.25,1184.0,36.0,D3,50,2,0,0.9166929125785828,True,0.5641785264015198,True,0.4599439799785614,False
521,p0n603,19,2.5,0.5,1192.0,8.0,G4,67,1,0,0.4315980076789856,False,0.2609865963459015,False,0.30025553703308105,False
522,p0n604,19,2.75,0.125,1196.0,2.0,E4,64,1,0,0.286891907453537,False,0.16329853236675262,False,0.2746177017688751,False
523,p0n605,19,2.875,0.125,1198.0,2.0,D4,62,1,0,0.725142776966095,True,0.17284265160560608,False,0.26366791129112244,False
524,p0n607,19,3.0,0.75,1200.0,12.0,A4,69,1,0,0.9405235648155212,True,0.7548313736915588,True,0.643550455570221,True
525,p0n608,19,3.0,0.5,1200.0,8.0,C4,60,1,0,0.5995482206344604,True,0.8463222980499268,True,0.4155779182910919,False
526,p0n609,19,3.5,0.5,1208.0,8.0,F#4,66,1,0,0.7719029784202576,True,0.20293238759040833,False,0.30105385184288025,False
527,p0n610,19,3.75,0.125,1212.0,2.0,B4,71,1,0,0.16733598709106445,False,0.08847969770431519,False,0.257839560508728,False
528,p0n611,19,3.875,0.125,1214.0,2.0,A4,69,1,0,0.9098793268203735,True,0.19751021265983582,False,0.26529237627983093,False
529,p0n613,20,0.0,0.5,1216.0,8.0,G4,67,1,0,0.6465110778808594,True,0.515990674495697,True,0.27922019362449646,False
530,p0n614,20,0.0,0.5,1216.0,8.0,B3,59,1,0,0.6853860020637512,True,0.6179082989692688,True,0.5117098093032837,True
531,p0n616,20,0.25,0.25,1220.0,4.0,E3,52,2,0,0.8977257609367371,True,0.6345118284225464,True,0.5235108733177185,True
532,p0n617,20,0.5,0.5,1224.0,8.0,C5,72,1,0,0.9076159000396729,True,0.9258046746253967,True,0.6566919088363647,True
533,p0n618,20,0.5,0.75,1224.0,12.0,E4,64,1,0,0.7826262712478638,True,0.4505311846733093,False,0.3803068995475769,False
534,p0n619,20,0.5,0.25,1224.0,4.0,D3,50,2,0,0.7856442928314209,True,0.25861290097236633,False,0.26199352741241455,False
535,p0n620,20,0.75,0.25,1228.0,4.0,C3,48,2,0,0.7726109623908997,True,0.7510853409767151,True,0.37113261222839355,False
536,p0n621,20,1.0,0.5,1232.0,8.0,F#4,66,1,0,0.7615125775337219,True,0.6513954997062683,True,0.5928218960762024,True
537,p0n623,20,1.0,0.25,1232.0,4.0,B2,47,2,0,0.4381420314311981,False,0.15220679342746735,False,0.26800328493118286,False
538,p0n624,20,1.25,0.25,1236.0,4.0,F#4,66,1,0,0.8516750931739807,True,0.12869074940681458,False,0.2747536897659302,False
539,p0n625,20,1.25,0.25,1236.0,4.0,A2,45,2,0,0.9516050815582275,True,0.33765944838523865,False,0.2785170376300812,False
540,p0n626,20,1.5,0.75,1240.0,12.0,B4,71,1,0,0.4444296658039093,False,0.09974555671215057,False,0.26962628960609436,False
541,p0n627,20,1.5,0.25,1240.0,4.0,E4,64,1,0,0.7671555876731873,True,0.31212952733039856,False,0.2834315598011017,False
542,p0n628,20,1.5,0.25,1240.0,4.0,G2,43,2,0,0.9582694172859192,True,0.7998407483100891,True,0.6427742838859558,True
543,p0n629,20,1.75,0.25,1244.0,4.0,D4,62,1,0,0.7293823957443237,True,0.16567382216453552,False,0.25028756260871887,False
544,p0n630,20,1.75,0.25,1244.0,4.0,F#2,42,2,0,0.7868998646736145,True,0.766962468624115,True,0.7503998279571533,True
545,p0n633,20,2.0,2.25,1248.0,36.0,C4,60,1,0,0.8732774257659912,True,0.8582950234413147,True,0.4472384750843048,False
546,p0n634,20,2.0,0.5,1248.0,8.0,E2,40,2,0,0.919634222984314,True,0.9152535200119019,True,0.7608192563056946,True
547,p0n635,20,2.25,0.25,1252.0,4.0,C5,72,1,0,0.7670700550079346,True,0.3911760747432709,False,0.31201067566871643,False
548,p0n636,20,2.5,0.25,1256.0,4.0,B4,71,1,0,0.5113569498062134,True,0.2023715227842331,False,0.27452734112739563,False
549,p0n637,20,2.5,0.5,1256.0,8.0,E3,52,2,0,0.9335169196128845,True,0.6553499698638916,True,0.5141611099243164,True
550,p0n638,20,2.75,0.25,1260.0,4.0,A4,69,1,0,0.8542645573616028,True,0.5906875729560852,True,0.3993713855743408,False
551,p0n640,20,3.0,0.25,1264.0,4.0,G4,67,1,0,0.5736645460128784,True,0.4057183861732483,False,0.27013614773750305,False
552,p0n641,20,3.0,0.5,1264.0,8.0,F#3,54,2,0,0.6195735335350037,True,0.7194563746452332,True,0.46075719594955444,False
553,p0n642,20,3.25,0.25,1268.0,4.0,F#4,66,1,0,0.8399190902709961,True,0.35794663429260254,False,0.33820825815200806,False
554,p0n643,20,3.5,0.5,1272.0,8.0,G4,67,1,0,0.4887206256389618,False,0.2868999242782593,False,0.31086447834968567,False
555,p0n644,20,3.5,0.25,1272.0,4.0,E4,64,1,0,0.8343082070350647,True,0.6555669903755188,True,0.46079930663108826,False
556,p0n645,20,3.5,1.0,1272.0,16.0,G3,55,2,0,0.4152851104736328,False,0.19553367793560028,False,0.27968496084213257,False
557,p0n646,20,3.75,0.25,1276.0,4.0,D4,62,1,0,0.4538257122039795,False,0.1979808211326599,False,0.2675701975822449,False
558,p0n647,21,0.0,0.5,1280.0,8.0,A4,69,1,0,0.7769437432289124,True,0.7502260804176331,True,0.5683831572532654,True
559,p0n648,21,0.0,1.0,1280.0,16.0,E4,64,1,0,0.9219807982444763,True,0.38267508149147034,False,0.3512008488178253,False
560,p0n651,21,0.25,0.25,1284.0,4.0,D4,62,2,0,0.3918350040912628,False,0.14264723658561707,False,0.25913146138191223,False
561,p0n652,21,0.5,0.5,1288.0,8.0,B4,71,1,0,0.2420777827501297,False,0.09165813773870468,False,0.2682453989982605,False
562,p0n653,21,0.5,0.25,1288.0,4.0,C4,60,2,0,0.6884004473686218,True,0.2840518653392792,False,0.2705903649330139,False
563,p0n654,21,0.5,0.25,1288.0,4.0,A3,57,2,0,0.824926495552063,True,0.40591344237327576,False,0.32321661710739136,False
564,p0n655,21,0.75,0.25,1292.0,4.0,B3,59,2,0,0.12550798058509827,False,0.09018278867006302,False,0.256266325712204,False
565,p0n656,21,0.75,0.25,1292.0,4.0,G3,55,2,0,0.17599816620349884,False,0.13689984381198883,False,0.25565677881240845,False
566,p0n657,21,1.0,0.75,1296.0,12.0,C5,72,1,0,0.9799557328224182,True,0.8002381324768066,True,0.5642942190170288,True
567,p0n658,21,1.0,1.25,1296.0,20.0,D4,62,1,0,0.9472174644470215,True,0.34124547243118286,False,0.3019302785396576,False
568,p0n659,21,1.0,0.25,1296.0,4.0,A3,57,2,0,0.9888322353363037,True,0.31986987590789795,False,0.24988144636154175,False
569,p0n660,21,1.0,0.5,1296.0,8.0,F#3,54,2,0,0.9649255275726318,True,0.39769864082336426,False,0.407721608877182,False
570,p0n661,21,1.25,0.25,1300.0,4.0,G3,55,2,0,0.20959579944610596,False,0.17080548405647278,False,0.26301178336143494,False
571,p0n662,21,1.5,0.25,1304.0,4.0,A3,57,2,0,0.9819211363792419,True,0.25974375009536743,False,0.23909126222133636,False
572,p0n663,21,1.5,0.5,1304.0,8.0,D3,50,2,0,0.74737948179245,True,0.22751954197883606,False,0.291281133890152,False
573,p0n664,21,1.75,0.125,1308.0,2.0,D5,74,1,0,0.13343320786952972,False,0.12471819669008255,False,0.25378280878067017,False
574,p0n665,21,1.75,0.25,1308.0,4.0,F#3,54,2,0,0.9874789714813232,True,0.1159452497959137,False,0.27847301959991455,False
575,p0n666,21,1.875,0.125,1310.0,2.0,C5,72,1,0,0.989940345287323,True,0.30722418427467346,False,0.29097774624824524,False
576,p0n667,21,2.0,0.5,1312.0,8.0,B4,71,1,0,0.09438175708055496,False,0.14301608502864838,False,0.2691778242588043,False
577,p0n669,21,2.0,0.5,1312.0,8.0,G3,55,2,0,0.5721423625946045,True,0.8175227046012878,True,0.4745122492313385,False
578,p0n670,21,2.0,4.0,1312.0,64.0,G3,55,2,0,0.6450344324111938,True,0.8062545657157898,True,0.565438449382782,True
579,p0n671,21,2.25,0.25,1316.0,4.0,A4,69,1,0,0.5938360095024109,True,0.2991710901260376,False,0.25548699498176575,False
580,p0n672,21,2.5,0.5,1320.0,8.0,E5,76,1,0,0.49427640438079834,False,0.2449568212032318,False,0.31003421545028687,False
581,p0n673,21,2.5,0.25,1320.0,4.0,G4,67,1,0,0.10906902700662613,False,0.13258492946624756,False,0.2667306363582611,False
582,p0n674,21,2.5,0.5,1320.0,8.0,B3,59,2,0,0.035293590277433395,False,0.09205421805381775,False,0.26711589097976685,False
583,p0n675,21,2.75,0.25,1324.0,4.0,F4,65,1,0,0.6553602814674377,True,0.3348667621612549,False,0.283909410238266,False
584,p0n676,21,3.0,0.5,1328.0,8.0,A4,69,1,0,0.8857188820838928,True,0.594941258430481,True,0.4316992163658142,False
585,p0n677,21,3.0,0.25,1328.0,4.0,E4,64,1,0,0.9635028839111328,True,0.8436402082443237,True,0.5472556352615356,True
586,p0n678,21,3.0,0.5,1328.0,8.0,C4,60,2,0,0.9676275253295898,True,0.6871692538261414,True,0.6361377835273743,True
587,p0n679,21,3.25,0.25,1332.0,4.0,G4,67,1,0,0.11415775865316391,False,0.1255905032157898,False,0.25450050830841064,False
588,p0n680,21,3.5,0.75,1336.0,12.0,D5,74,1,0,0.029501913115382195,False,0.11169244349002838,False,0.26220837235450745,False
589,p0n681,21,3.5,0.25,1336.0,4.0,F4,65,1,0,0.1540258526802063,False,0.15528254210948944,False,0.2769061326980591,False
590,p0n682,21,3.5,0.5,1336.0,8.0,D4,62,2,0,0.7422792315483093,True,0.3281320631504059,False,0.291019082069397,False
591,p0n683,21,3.75,0.25,1340.0,4.0,A4,69,1,0,0.7766693830490112,True,0.49124640226364136,False,0.3845903277397156,False
592,p0n685,22,0.0,1.25,1344.0,20.0,G4,67,1,0,0.6391763687133789,True,0.9247394800186157,True,0.5097777843475342,True
593,p0n686,22,0.0,0.75,1344.0,12.0,E4,64,2,0,0.9536935091018677,True,0.9041303396224976,True,0.6764970421791077,True
594,p0n688,22,0.25,0.25,1348.0,4.0,E5,76,1,0,0.8364639282226562,True,0.6403583884239197,True,0.3868008852005005,False
595,p0n689,22,0.5,0.25,1352.0,4.0,D5,74,1,0,0.6652018427848816,True,0.27703189849853516,False,0.27194565534591675,False
596,p0n690,22,0.75,0.25,1356.0,4.0,C5,72,1,0,0.6290993094444275,True,0.632536768913269,True,0.3518623411655426,False
597,p0n691,22,0.75,0.125,1356.0,2.0,F4,65,2,0,0.06656927615404129,False,0.13601695001125336,False,0.26055994629859924,False
598,p0n692,22,0.875,0.125,1358.0,2.0,E4,64,2,0,0.9317854046821594,True,0.6398328542709351,True,0.3599736988544464,False
599,p0n693,22,1.0,0.25,1360.0,4.0,B4,71,1,0,0.28610503673553467,False,0.11466015875339508,False,0.26075878739356995,False
600,p0n695,22,1.0,0.5,1360.0,8.0,D4,62,2,0,0.4748256504535675,False,0.2421271950006485,False,0.2776297628879547,False
601,p0n696,22,1.25,0.25,1364.0,4.0,C5,72,1,0,0.5881391167640686,True,0.4192727506160736,False,0.2933347523212433,False
602,p0n697,22,1.25,0.25,1364.0,4.0,A4,69,1,0,0.3476634919643402,False,0.11380220204591751,False,0.25804099440574646,False
603,p0n698,22,1.5,0.25,1368.0,4.0,D5,74,1,0,0.8572700023651123,True,0.7025797367095947,True,0.5322492718696594,True
604,p0n699,22,1.5,0.5,1368.0,8.0,B-4,70,1,0,0.7131407856941223,True,0.562553882598877,True,0.6242879033088684,True
605,p0n700,22,1.5,0.5,1368.0,8.0,G4,67,2,0,0.8101483583450317,True,0.8961318731307983,True,0.6182277798652649,True
606,p0n701,22,1.75,0.25,1372.0,4.0,E5,76,1,0,0.6359513401985168,True,0.6249866485595703,True,0.5180274248123169,True
607,p0n702,22,2.0,0.25,1376.0,4.0,F5,77,1,0,0.6803736090660095,True,0.8091493248939514,True,0.5918073654174805,True
608,p0n703,22,2.0,1.0,1376.0,16.0,C5,72,1,0,0.7480376362800598,True,0.8666388392448425,True,0.6032077074050903,True
609,p0n704,22,2.0,0.5,1376.0,8.0,C4,60,2,0,0.9645083546638489,True,0.7244056463241577,True,0.6229957342147827,True
610,p0n705,22,2.0,1.0,1376.0,16.0,A3,57,2,0,0.919430673122406,True,0.9421893954277039,True,0.665905237197876,True
611,p0n706,22,2.25,0.25,1380.0,4.0,G5,79,1,0,0.3477090895175934,False,0.273752361536026,False,0.28905606269836426,False
612,p0n707,22,2.5,0.25,1384.0,4.0,A5,81,1,0,0.3013502359390259,False,0.12229610979557037,False,0.2715541422367096,False
613,p0n708,22,2.5,0.75,1384.0,12.0,F4,65,2,0,0.34301185607910156,False,0.2080889642238617,False,0.2945401668548584,False
614,p0n709,22,2.75,0.25,1388.0,4.0,G5,79,1,0,0.667000949382782,True,0.7371929287910461,True,0.252955824136734,False
615,p0n710,22,3.0,0.25,1392.0,4.0,F5,77,1,0,0.36221393942832947,False,0.2446468025445938,False,0.2950441241264343,False
616,p0n711,22,3.0,0.5,1392.0,8.0,D5,74,1,0,0.7736475467681885,True,0.6968907117843628,True,0.3203822672367096,False
617,p0n713,22,3.0,0.5,1392.0,8.0,B3,59,2,0,0.25346508622169495,False,0.11599446088075638,False,0.2596462368965149,False
618,p0n714,22,3.25,0.25,1396.0,4.0,E5,76,1,0,0.791146457195282,True,0.7930403351783752,True,0.4990197718143463,False
619,p0n715,22,3.25,0.25,1396.0,4.0,G4,67,2,0,0.8406342267990112,True,0.9395313262939453,True,0.6016705632209778,True
620,p0n716,22,3.5,0.25,1400.0,4.0,D5,74,1,0,0.5716679692268372,True,0.3774411678314209,False,0.2561081051826477,False
621,p0n717,22,3.5,0.5,1400.0,8.0,G4,67,1,0,0.8978538513183594,True,0.7721152305603027,True,0.7809603810310364,True
622,p0n718,22,3.5,0.25,1400.0,4.0,F4,65,2,0,0.4384813606739044,False,0.23820780217647552,False,0.30556172132492065,False
623,p0n719,22,3.5,0.5,1400.0,8.0,C4,60,2,0,0.9615365266799927,True,0.6504327654838562,True,0.7279818058013916,True
624,p0n720,22,3.75,0.25,1404.0,4.0,C5,72,1,0,0.4060435891151428,False,0.1782483160495758,False,0.27229681611061096,False
625,p0n721,22,3.75,0.25,1404.0,4.0,E4,64,2,0,0.893768310546875,True,0.3397103250026703,False,0.3075442314147949,False
626,p0n722,23,0.0,1.0,1408.0,16.0,B4,71,1,0,0.5503071546554565,True,0.5513180494308472,True,0.733963668346405,True
627,p0n723,23,0.0,1.5,1408.0,24.0,G4,67,1,0,0.9102042317390442,True,0.9953683614730835,True,0.9051812291145325,True
628,p0n724,23,0.0,1.0,1408.0,16.0,D4,62,1,0,0.7317034602165222,True,0.86842280626297,True,0.6861540675163269,True
629,p0n725,23,0.0,0.25,1408.0,4.0,F3,53,2,0,0.9869710206985474,True,0.9299593567848206,True,0.7910987138748169,True
630,p0n726,23,0.25,0.25,1412.0,4.0,A3,57,2,0,0.4164106845855713,False,0.12513220310211182,False,0.2592153251171112,False
631,p0n727,23,0.5,0.25,1416.0,4.0,G3,55,2,0,0.6620129942893982,True,0.8964793086051941,True,0.3786562383174896,False
632,p0n728,23,0.75,0.25,1420.0,4.0,F3,53,2,0,0.799462616443634,True,0.11217275261878967,False,0.2670857310295105,False
633,p0n729,23,1.0,0.5,1424.0,8.0,C5,72,1,0,0.5669311285018921,True,0.5664533972740173,True,0.49030014872550964,False
634,p0n730,23,1.0,0.5,1424.0,8.0,E4,64,1,0,0.8465040326118469,True,0.6702787280082703,True,0.423245906829834,False
635,p0n731,23,1.0,0.25,1424.0,4.0,E3,52,2,0,0.9772536754608154,True,0.8284348845481873,True,0.6052560806274414,True
636,p0n732,23,1.25,0.25,1428.0,4.0,D3,50,2,0,0.9541959762573242,True,0.6854677200317383,True,0.5044686794281006,True
637,p0n733,23,1.5,0.5,1432.0,8.0,D5,74,1,0,0.3441943824291229,False,0.1517876386642456,False,0.2727099061012268,False
638,p0n734,23,1.5,1.0,1432.0,16.0,F4,65,1,0,0.26464009284973145,False,0.20473280549049377,False,0.28824418783187866,False
639,p0n735,23,1.5,1.0,1432.0,16.0,D4,62,1,0,0.5196690559387207,True,0.6007941961288452,True,0.5069972276687622,True
640,p0n736,23,1.5,0.25,1432.0,4.0,C3,48,2,0,0.736723005771637,True,0.48546770215034485,False,0.3547278344631195,False
641,p0n737,23,1.75,0.25,1436.0,4.0,B2,47,2,0,0.5120534300804138,True,0.2537202835083008,False,0.2696273922920227,False
642,p0n738,23,2.0,0.5,1440.0,8.0,G4,67,1,0,0.8835705518722534,True,0.984504222869873,True,0.8435656428337097,True
643,p0n741,23,2.0,0.25,1440.0,4.0,C3,48,2,0,0.8767278790473938,True,0.7495750188827515,True,0.5507574081420898,True
644,p0n742,23,2.25,0.25,1444.0,4.0,D3,50,2,0,0.40835604071617126,False,0.19645875692367554,False,0.26276394724845886,False
645,p0n743,23,2.5,1.0,1448.0,16.0,C5,72,1,0,0.28712892532348633,False,0.15302054584026337,False,0.27773362398147583,False
646,p0n744,23,2.5,0.5,1448.0,8.0,E4,64,1,0,0.726639986038208,True,0.7124878168106079,True,0.5470675230026245,True
647,p0n745,23,2.5,0.5,1448.0,8.0,G3,55,2,0,0.5614675283432007,True,0.40514716506004333,False,0.3743404746055603,False
648,p0n746,23,2.5,0.25,1448.0,4.0,E3,52,2,0,0.9374234676361084,True,0.45201438665390015,False,0.30229121446609497,False
649,p0n747,23,2.75,0.25,1452.0,4.0,F3,53,2,0,0.3981205224990845,False,0.3491511642932892,False,0.3272536098957062,False
650,p0n748,23,3.0,1.0,1456.0,16.0,D4,62,1,0,0.5504756569862366,True,0.8240880966186523,True,0.7812637090682983,True
651,p0n749,23,3.0,1.5,1456.0,24.0,G3,55,2,0,0.7353594303131104,True,0.7220814824104309,True,0.7123895287513733,True
652,p0n750,23,3.0,0.5,1456.0,8.0,G3,55,2,0,0.6045448780059814,True,0.4462487995624542,False,0.3745574355125427,False
653,p0n751,23,3.5,0.5,1464.0,8.0,B4,71,1,0,0.38582608103752136,False,0.08956922590732574,False,0.268546462059021,False
654,p0n752,23,3.5,0.5,1464.0,8.0,G2,43,2,0,0.7262083292007446,True,0.6376867294311523,True,0.580401599407196,True
655,p0n753,24,0.0,1.0,1472.0,16.0,C5,72,1,0,0.7930547595024109,True,0.8410405516624451,True,0.6367619633674622,True
656,p0n754,24,0.0,0.5,1472.0,8.0,E4,64,1,0,0.872169554233551,True,0.6201258897781372,True,0.617611289024353,True
657,p0n756,24,0.0,16.0,1472.0,256.0,C3,48,2,0,0.5995005369186401,True,0.4995581805706024,False,0.36001551151275635,False
658,p0n757,24,0.5,1.0,1480.0,16.0,A4,69,1,0,0.5556696057319641,True,0.9240728616714478,True,0.7995155453681946,True
659,p0n758,24,0.5,0.5,1480.0,8.0,C3,48,2,0,0.4671086370944977,False,0.20743680000305176,False,0.28567150235176086,False
660,p0n759,24,1.0,0.5,1488.0,8.0,B4,71,1,0,0.3778797388076782,False,0.20335479080677032,False,0.2774614989757538,False
661,p0n760,24,1.0,0.5,1488.0,8.0,D3,50,2,0,0.953175961971283,True,0.7936339974403381,True,0.4061402678489685,False
662,p0n761,24,1.5,0.5,1496.0,8.0,B-4,70,1,0,0.7684043645858765,True,0.7399170398712158,True,0.5615667104721069,True
663,p0n762,24,1.5,1.0,1496.0,16.0,G4,67,1,0,0.7526321411132812,True,0.40347638726234436,False,0.2940681576728821,False
664,p0n763,24,1.5,0.5,1496.0,8.0,E3,52,2,0,0.7696983218193054,True,0.34902989864349365,False,0.29984942078590393,False
665,p0n764,24,2.0,0.5,1504.0,8.0,A4,69,1,0,0.7952048778533936,True,0.8391095399856567,True,0.6295801997184753,True
666,p0n766,24,2.0,0.75,1504.0,12.0,F3,53,2,0,0.8854352235794067,True,0.9543805718421936,True,0.7886495590209961,True
667,p0n767,24,2.5,1.0,1512.0,16.0,D5,74,1,0,0.530085027217865,True,0.3022359609603882,False,0.2802679240703583,False
668,p0n768,24,2.5,0.5,1512.0,8.0,F4,65,1,0,0.38124048709869385,False,0.311006635427475,False,0.32591626048088074,False
669,p0n769,24,2.75,0.125,1516.0,2.0,G3,55,2,0,0.44614237546920776,False,0.2229941040277481,False,0.27551108598709106,False
670,p0n770,24,2.875,0.125,1518.0,2.0,F3,53,2,0,0.8843647241592407,True,0.3632175326347351,False,0.3366030752658844,False
671,p0n771,24,3.0,0.5,1520.0,8.0,G4,67,1,0,0.9741419553756714,True,0.6768268942832947,True,0.47398218512535095,False
672,p0n772,24,3.0,0.5,1520.0,8.0,E3,52,2,0,0.7765399217605591,True,0.43151533603668213,False,0.3654601275920868,False
673,p0n773,24,3.5,0.5,1528.0,8.0,C5,72,1,0,0.39615023136138916,False,0.20199553668498993,False,0.2873289883136749,False
674,p0n774,24,3.5,0.5,1528.0,8.0,A4,69,1,0,0.5006041526794434,True,0.13019578158855438,False,0.27301156520843506,False
675,p0n775,24,3.5,0.5,1528.0,8.0,A3,57,2,0,0.24567657709121704,False,0.14144179224967957,False,0.2721111476421356,False
676,p0n776,25,0.0,0.5,1536.0,8.0,D5,74,1,0,0.8168149590492249,True,0.9401671886444092,True,0.6943246126174927,True
677,p0n777,25,0.0,0.75,1536.0,12.0,B-4,70,1,0,0.814008891582489,True,0.9345530271530151,True,0.8634766340255737,True
678,p0n778,25,0.0,0.5,1536.0,8.0,D3,50,2,0,0.8328229784965515,True,0.8274310231208801,True,0.4477890133857727,False
679,p0n780,25,0.5,0.5,1544.0,8.0,E5,76,1,0,0.7594625353813171,True,0.33777546882629395,False,0.3565886318683624,False
680,p0n781,25,0.5,0.75,1544.0,12.0,G3,55,2,0,0.43655550479888916,False,0.2229139357805252,False,0.28650394082069397,False
681,p0n782,25,0.75,0.125,1548.0,2.0,C5,72,1,0,0.14728206396102905,False,0.1390279233455658,False,0.26110684871673584,False
682,p0n783,25,0.875,0.125,1550.0,2.0,B-4,70,1,0,0.6609426736831665,True,0.20163650810718536,False,0.2871876358985901,False
683,p0n784,25,1.0,1.25,1552.0,20.0,F5,77,1,0,0.6551864147186279,True,0.47561347484588623,False,0.37990280985832214,False
684,p0n785,25,1.0,0.5,1552.0,8.0,A4,69,1,0,0.3242846429347992,False,0.17556312680244446,False,0.2673269510269165,False
685,p0n787,25,1.25,0.25,1556.0,4.0,A3,57,2,0,0.3268694579601288,False,0.1404590606689453,False,0.2591911554336548,False
686,p0n788,25,1.5,0.5,1560.0,8.0,D5,74,1,0,0.6474668979644775,True,0.2578936219215393,False,0.2559494078159332,False
687,p0n789,25,1.5,0.25,1560.0,4.0,G3,55,2,0,0.5582976937294006,True,0.36693716049194336,False,0.3681325614452362,False
688,p0n790,25,1.75,0.25,1564.0,4.0,F3,53,2,0,0.3677079975605011,False,0.2547690272331238,False,0.29135024547576904,False
689,p0n792,25,2.0,0.5,1568.0,8.0,G4,67,1,0,0.8835427761077881,True,0.5878456830978394,True,0.47375839948654175,False
690,p0n793,25,2.0,0.25,1568.0,4.0,E3,52,2,0,0.8595806360244751,True,0.5945279598236084,True,0.2763615548610687,False
691,p0n794,25,2.25,0.25,1572.0,4.0,A5,81,1,0,0.5636610984802246,True,0.4893730580806732,False,0.34104543924331665,False
692,p0n795,25,2.25,0.25,1572.0,4.0,D3,50,2,0,0.6077002286911011,True,0.3252536952495575,False,0.2706400454044342,False
693,p0n796,25,2.5,0.25,1576.0,4.0,G5,79,1,0,0.5486510396003723,True,0.5365566611289978,True,0.3428635001182556,False
694,p0n797,25,2.5,0.75,1576.0,12.0,C5,72,1,0,0.5554443597793579,True,0.3066657781600952,False,0.2907109558582306,False
695,p0n798,25,2.5,0.25,1576.0,4.0,E3,52,2,0,0.8085309267044067,True,0.14557655155658722,False,0.273479163646698,False
696,p0n799,25,2.75,0.25,1580.0,4.0,F5,77,1,0,0.4928574860095978,False,0.1963876485824585,False,0.27951422333717346,False
697,p0n800,25,2.75,0.25,1580.0,4.0,F3,53,2,0,0.2947823107242584,False,0.28729382157325745,False,0.296898752450943,False
698,p0n801,25,3.0,0.25,1584.0,4.0,E5,76,1,0,0.9241023063659668,True,0.6374669671058655,True,0.3812924027442932,False
699,p0n803,25,3.0,0.25,1584.0,4.0,G3,55,2,0,0.8255250453948975,True,0.7038876414299011,True,0.5461128354072571,True
700,p0n804,25,3.25,0.25,1588.0,4.0,F5,77,1,0,0.582752525806427,True,0.5255126357078552,True,0.3065831661224365,False
701,p0n805,25,3.25,0.25,1588.0,4.0,D5,74,1,0,0.609233558177948,True,0.4384653568267822,False,0.2725144624710083,False
702,p0n806,25,3.25,0.25,1588.0,4.0,A3,57,2,0,0.29255807399749756,False,0.13791139423847198,False,0.25990748405456543,False
703,p0n807,25,3.5,0.25,1592.0,4.0,E5,76,1,0,0.8987894654273987,True,0.342945396900177,False,0.2558665871620178,False
704,p0n808,25,3.5,0.25,1592.0,4.0,C5,72,1,0,0.5227797031402588,True,0.48564228415489197,False,0.33839818835258484,False
705,p0n809,25,3.5,0.25,1592.0,4.0,B-3,58,2,0,0.6172115206718445,True,0.2924555838108063,False,0.3331626355648041,False
706,p0n810,25,3.75,0.25,1596.0,4.0,D5,74,1,0,0.8770318627357483,True,0.09609248489141464,False,0.23633353412151337,False
707,p0n811,25,3.75,0.25,1596.0,4.0,B-4,70,1,0,0.2679435610771179,False,0.1625949740409851,False,0.2682977318763733,False
708,p0n812,25,3.75,0.25,1596.0,4.0,G3,55,2,0,0.3567846119403839,False,0.18588002026081085,False,0.26324671506881714,False
709,p0n813,26,0.0,2.0,1600.0,32.0,C5,72,1,0,0.9087666869163513,True,0.8574550747871399,True,0.7523661255836487,True
710,p0n814,26,0.0,0.25,1600.0,4.0,A4,69,1,0,0.5412859320640564,True,0.5283709764480591,True,0.4129825830459595,False
711,p0n815,26,0.0,0.25,1600.0,4.0,A3,57,2,0,0.6458228826522827,True,0.6926800608634949,True,0.5583929419517517,True
712,p0n817,26,0.25,0.25,1604.0,4.0,B-4,70,1,0,0.5624985098838806,True,0.5441811680793762,True,0.41874438524246216,False
713,p0n818,26,0.25,0.25,1604.0,4.0,E3,52,2,0,0.7253736257553101,True,0.5068777203559875,True,0.2747843265533447,False
714,p0n819,26,0.5,0.25,1608.0,4.0,A4,69,1,0,0.6426718831062317,True,0.5090643763542175,True,0.3667122423648834,False
715,p0n820,26,0.5,0.25,1608.0,4.0,F3,53,2,0,0.4404498040676117,False,0.3579590618610382,False,0.3416688144207001,False
716,p0n821,26,0.75,0.25,1612.0,4.0,G4,67,1,0,0.642404317855835,True,0.17866823077201843,False,0.2547833025455475,False
717,p0n822,26,0.75,0.25,1612.0,4.0,G3,55,2,0,0.2964022755622864,False,0.19410060346126556,False,0.26390087604522705,False
718,p0n823,26,1.0,0.25,1616.0,4.0,F4,65,1,0,0.8374522924423218,True,0.8625161051750183,True,0.7152538299560547,True
719,p0n824,26,1.0,0.25,1616.0,4.0,A3,57,2,0,0.7082402110099792,True,0.4613637924194336,False,0.31031665205955505,False
720,p0n825,26,1.25,0.25,1620.0,4.0,G4,67,1,0,0.23048941791057587,False,0.12937219440937042,False,0.2540340721607208,False
721,p0n826,26,1.25,0.25,1620.0,4.0,B3,59,2,0,0.519398033618927,True,0.2577548027038574,False,0.2678818702697754,False
722,p0n827,26,1.5,0.25,1624.0,4.0,F4,65,1,0,0.573880672454834,True,0.5627949833869934,True,0.4815387427806854,False
723,p0n828,26,1.5,0.25,1624.0,4.0,C4,60,2,0,0.8932387828826904,True,0.7613863945007324,True,0.6336919069290161,True
724,p0n829,26,1.75,0.25,1628.0,4.0,E4,64,1,0,0.8934174180030823,True,0.501876175403595,True,0.5041472911834717,True
725,p0n830,26,1.75,0.25,1628.0,4.0,A3,57,2,0,0.6907133460044861,True,0.22015783190727234,False,0.2648433744907379,False
726,p0n832,26,2.0,1.75,1632.0,28.0,D4,62,1,0,0.9309697151184082,True,0.7657713890075684,True,0.5755207538604736,True
727,p0n833,26,2.0,2.0,1632.0,32.0,B3,59,2,0,0.720795750617981,True,0.7994542121887207,True,0.631524384021759,True
728,p0n834,26,2.25,0.125,1636.0,2.0,G4,67,1,0,0.4544752240180969,False,0.2676957845687866,False,0.28107962012290955,False
729,p0n835,26,2.375,0.125,1638.0,2.0,A4,69,1,0,0.6981332898139954,True,0.4869491159915924,False,0.3775462210178375,False
730,p0n836,26,2.5,0.25,1640.0,4.0,B4,71,1,0,0.2707924544811249,False,0.10424713790416718,False,0.26733747124671936,False
731,p0n837,26,2.75,0.25,1644.0,4.0,C5,72,1,0,0.824931800365448,True,0.4463355541229248,False,0.30723807215690613,False
732,p0n838,26,3.0,0.25,1648.0,4.0,D5,74,1,0,0.6170366406440735,True,0.6863371729850769,True,0.28554823994636536,False
733,p0n840,26,3.25,0.25,1652.0,4.0,E5,76,1,0,0.5845307111740112,True,0.7595410346984863,True,0.46268385648727417,False
734,p0n841,26,3.5,0.625,1656.0,10.0,F5,77,1,0,0.7726661562919617,True,0.6217527389526367,True,0.4180026650428772,False
735,p0n842,26,3.75,0.25,1660.0,4.0,G4,67,1,0,0.5678831338882446,True,0.48935553431510925,False,0.3537271320819855,False
736,p0n844,27,0.0,1.0,1664.0,16.0,A4,69,1,0,0.8613744378089905,True,0.8127970099449158,True,0.694896399974823,True
737,p0n845,27,0.0,4.0,1664.0,64.0,C4,60,2,0,0.9206487536430359,True,0.9101661443710327,True,0.7688983082771301,True
738,p0n847,27,0.125,0.125,1666.0,2.0,C5,72,1,0,0.6655605435371399,True,0.15981745719909668,False,0.25927555561065674,False
739,p0n848,27,0.25,0.125,1668.0,2.0,D5,74,1,0,0.5405409932136536,True,0.3790280818939209,False,0.2795253098011017,False
740,p0n849,27,0.375,0.125,1670.0,2.0,E5,76,1,0,0.790823221206665,True,0.5649383068084717,True,0.4138568937778473,False
741,p0n850,27,0.5,0.25,1672.0,4.0,F5,77,1,0,0.5589389801025391,True,0.44047877192497253,False,0.34186291694641113,False
742,p0n851,27,0.75,0.25,1676.0,4.0,G5,79,1,0,0.7630389928817749,True,0.6438862681388855,True,0.425750195980072,False
743,p0n852,27,1.0,0.75,1680.0,12.0,A5,81,1,0,0.6431968212127686,True,0.42426300048828125,False,0.3365517258644104,False
744,p0n854,27,1.25,0.25,1684.0,4.0,F5,77,1,0,0.7130632996559143,True,0.5778788924217224,True,0.47441527247428894,False
745,p0n855,27,1.5,0.5,1688.0,8.0,D5,74,1,0,0.7983649969100952,True,0.7123958468437195,True,0.5738506317138672,True
746,p0n856,27,1.75,0.25,1692.0,4.0,B5,83,1,0,0.868603527545929,True,0.7060813307762146,True,0.5723741054534912,True
747,p0n857,27,2.0,2.0,1696.0,32.0,C6,84,1,0,0.9001401662826538,True,0.9482528567314148,True,0.805217444896698,True
748,p0n859,27,2.0,2.0,1696.0,32.0,G5,79,1,0,0.8553824424743652,True,0.8235959410667419,True,0.6623053550720215,True
749,p0n858,27,2.0,2.0,1696.0,32.0,E5,76,1,0,0.9013409614562988,True,0.8247937560081482,True,0.6479143500328064,True
