note_index,measure,measure_offset,quarter_length,time_position,duration_seconds,pitch_name,pitch_midi,staff,voice,layer_1_score,layer_1_mask,layer_2_score,layer_2_mask,layer_3_score,layer_3_mask
0,1,0.5,0.5,0.25,0.25,C4,60,1,2,0.8447514772415161,True,0.7840167880058289,True,0.5004934072494507,True
1,1,1.0,0.5,0.5,0.25,D4,62,1,2,0.5501013398170471,True,0.3320106863975525,False,0.41206154227256775,False
2,1,1.5,0.5,0.75,0.25,E4,64,1,2,0.6880075335502625,True,0.815937340259552,True,0.5025607347488403,True
3,1,2.0,0.75,1.0,0.375,F4,65,1,2,0.7755217552185059,True,0.6820387840270996,True,0.6448544859886169,True
4,1,2.75,0.125,1.375,0.0625,G4,67,1,2,0.835696280002594,True,0.1849687099456787,False,0.4046266973018646,False
5,1,2.875,0.125,1.4375,0.0625,F4,65,1,2,0.6558631658554077,True,0.45725345611572266,False,0.45789599418640137,False
6,1,3.0,0.5,1.5,0.25,E4,64,1,2,0.7761428952217102,True,0.7656189799308777,True,0.4907471537590027,False
7,1,3.5,0.5,1.75,0.25,A4,69,1,2,0.8504511713981628,True,0.2859332263469696,False,0.4405081868171692,False
8,2,0.0,0.5,2.0,0.25,D4,62,1,2,0.48804476857185364,False,0.5370640158653259,True,0.41302359104156494,False
9,2,0.5,0.75,2.25,0.375,G4,67,1,2,0.7890146374702454,True,0.053333062678575516,False,0.4222255349159241,False
10,2,1.25,0.25,2.625,0.125,A4,69,1,2,0.7232869863510132,True,0.1248646080493927,False,0.4265047609806061,False
11,2,1.5,0.25,2.75,0.125,G4,67,1,2,0.8088865876197815,True,0.11543149501085281,False,0.4149326980113983,False
12,2,1.75,0.25,2.875,0.125,F4,65,1,2,0.5655140280723572,True,0.23979268968105316,False,0.4333523213863373,False
13,2,2.0,0.25,3.0,0.125,E4,64,1,2,0.8648924827575684,True,0.5582470893859863,True,0.3976040780544281,False
14,2,2.25,0.25,3.125,0.125,F4,65,1,2,0.7057877779006958,True,0.3645693361759186,False,0.43926551938056946,False
15,2,2.5,0.5,3.25,0.25,G4,67,1,1,0.754922091960907,True,0.40395504236221313,False,0.39833831787109375,False
16,2,2.5,0.25,3.25,0.125,E4,64,1,2,0.7564905285835266,True,0.6549041271209717,True,0.35202735662460327,False
17,2,2.75,0.25,3.375,0.125,D4,62,1,2,0.5444130301475525,True,0.8816156387329102,True,0.4141387939453125,False
18,2,3.0,0.5,3.5,0.25,A4,69,1,1,0.8747794032096863,True,0.6465810537338257,True,0.4075642228126526,False
19,2,3.0,0.25,3.5,0.125,C4,60,1,2,0.8088976144790649,True,0.8684930801391602,True,0.4588873088359833,False
20,2,3.25,0.25,3.625,0.125,D4,62,1,2,0.7266511917114258,True,0.97216796875,True,0.41235676407814026,False
21,2,3.5,0.5,3.75,0.25,B4,71,1,1,0.932517945766449,True,0.31357288360595703,False,0.43109428882598877,False
22,2,3.5,0.25,3.75,0.125,C4,60,1,2,0.8020572066307068,True,0.8438016176223755,True,0.4096253514289856,False
23,2,3.75,0.25,3.875,0.125,B3,59,1,2,0.2794303894042969,False,0.44156140089035034,False,0.4190838932991028,False
24,3,0.0,0.75,4.0,0.375,C5,72,1,1,0.8131639957427979,True,0.1054384633898735,False,0.4269375503063202,False
25,3,0.0,0.5,4.0,0.25,A3,57,1,2,0.5984509587287903,True,0.8735101819038391,True,0.5153928399085999,True
26,3,0.5,0.5,4.25,0.25,F#4,66,1,2,0.6844494342803955,True,0.5729208588600159,True,0.2537311017513275,False
27,3,0.75,0.125,4.375,0.0625,D5,74,1,1,0.7424893975257874,True,0.061274755746126175,False,0.42375344038009644,False
28,3,0.875,0.125,4.4375,0.0625,C5,72,1,1,0.7242847681045532,True,0.10329790413379669,False,0.42458757758140564,False
29,3,1.0,0.5,4.5,0.25,B4,71,1,1,0.840858519077301,True,0.14501410722732544,False,0.4198383092880249,False
30,3,1.0,1.5,4.5,0.75,G4,67,1,2,0.7487431168556213,True,0.6993759274482727,True,0.44613587856292725,False
31,3,1.5,0.5,4.75,0.25,E5,76,1,1,0.8458484411239624,True,0.822802722454071,True,0.4851509928703308,False
32,3,2.0,0.5,5.0,0.25,A4,69,1,1,0.8289778828620911,True,0.46212267875671387,False,0.4719058573246002,False
33,3,2.5,0.75,5.25,0.375,D5,74,1,1,0.766787588596344,True,0.196982741355896,False,0.41009315848350525,False
34,3,2.5,0.25,5.25,0.125,F#4,66,1,2,0.6489375829696655,True,0.4121592044830322,False,0.42252808809280396,False
35,3,2.75,0.25,5.375,0.125,E4,64,1,2,0.8484513759613037,True,0.9074839353561401,True,0.48340409994125366,False
36,3,3.0,0.5,5.5,0.25,F#4,66,1,2,0.6202694177627563,True,0.14685580134391785,False,0.41899189352989197,False
37,3,3.25,0.25,5.625,0.125,E5,76,1,1,0.9093176126480103,True,0.7197413444519043,True,0.34247320890426636,False
38,3,3.5,0.25,5.75,0.125,D5,74,1,1,0.9049989581108093,True,0.27896395325660706,False,0.41382333636283875,False
39,3,3.5,0.5,5.75,0.25,D4,62,1,2,0.7968971729278564,True,0.8300147652626038,True,0.3928467631340027,False
40,3,3.75,0.25,5.875,0.125,C5,72,1,1,0.4722301661968231,False,0.5381820201873779,True,0.4214894473552704,False
41,4,0.0,0.25,6.0,0.125,B4,71,1,1,0.8373333215713501,True,0.39879143238067627,False,0.43266573548316956,False
42,4,0.0,0.5,6.0,0.25,G4,67,1,2,0.8623071312904358,True,0.4345463216304779,False,0.39326709508895874,False
43,4,0.25,0.25,6.125,0.125,G4,67,1,1,0.7431954145431519,True,0.24786493182182312,False,0.401861310005188,False
44,4,0.5,0.25,6.25,0.125,A4,69,1,1,0.9367563128471375,True,0.7550711035728455,True,0.4430978000164032,False
45,4,0.5,0.5,6.25,0.25,F4,65,1,2,0.5351049900054932,True,0.186090886592865,False,0.42507901787757874,False
46,4,0.5,0.5,6.25,0.25,G3,55,2,7,0.6398249268531799,True,0.7152223587036133,True,0.2740926444530487,False
47,4,0.75,0.25,6.375,0.125,B4,71,1,1,0.6902449727058411,True,0.12801462411880493,False,0.42416930198669434,False
48,4,1.0,0.25,6.5,0.125,C5,72,1,1,0.7073575258255005,True,0.12375089526176453,False,0.4242817759513855,False
49,4,1.0,0.5,6.5,0.25,E4,64,1,2,0.8109523057937622,True,0.5494678616523743,True,0.38319313526153564,False
50,4,1.0,0.5,6.5,0.25,A3,57,2,7,0.35860782861709595,False,0.5591460466384888,True,0.4280582666397095,False
51,4,1.25,0.25,6.625,0.125,B4,71,1,1,0.7575264573097229,True,0.20640024542808533,False,0.4230997860431671,False
52,4,1.5,0.25,6.75,0.125,C5,72,1,1,0.7630032896995544,True,0.04671771824359894,False,0.4268697202205658,False
53,4,1.5,0.5,6.75,0.25,D4,62,1,2,0.5603271722793579,True,0.5400475859642029,True,0.3964371979236603,False
54,4,1.5,0.5,6.75,0.25,B3,59,2,7,0.4703269302845001,False,0.5148189067840576,True,0.4382639229297638,False
55,4,1.75,0.25,6.875,0.125,D5,74,1,1,0.8739588260650635,True,0.08364790678024292,False,0.41794151067733765,False
56,4,2.0,0.25,7.0,0.125,E5,76,1,1,0.9795545935630798,True,0.06319443881511688,False,0.43460091948509216,False
57,4,2.0,0.5,7.0,0.25,C4,60,1,2,0.8422890901565552,True,0.6954710483551025,True,0.3467389941215515,False
58,4,2.0,0.75,7.0,0.375,C4,60,2,7,0.7208706736564636,True,0.5445975661277771,True,0.33646681904792786,False
59,4,2.25,0.25,7.125,0.125,D5,74,1,1,0.7423374652862549,True,0.018882377073168755,False,0.4277251362800598,False
60,4,2.5,0.25,7.25,0.125,E5,76,1,1,0.8679471015930176,True,0.02568986266851425,False,0.43005478382110596,False
61,4,2.75,0.25,7.375,0.125,F#5,78,1,1,0.7156632542610168,True,0.7788147330284119,True,0.3817906379699707,False
62,4,2.75,0.125,7.375,0.0625,D4,62,2,7,0.6170831918716431,True,0.6075645089149475,True,0.34912312030792236,False
63,4,2.875,0.125,7.4375,0.0625,C4,60,2,7,0.6440395712852478,True,0.5969374775886536,True,0.43655434250831604,False
64,4,3.0,0.5,7.5,0.25,G5,79,1,1,0.8910440802574158,True,0.42597153782844543,False,0.43251165747642517,False
65,4,3.0,0.5,7.5,0.25,B3,59,2,7,0.5941758751869202,True,0.7455706596374512,True,0.43748751282691956,False
66,4,3.5,0.5,7.75,0.25,B4,71,1,1,0.9447106122970581,True,0.13096877932548523,False,0.429446280002594,False
67,4,3.5,1.0,7.75,0.5,G4,67,1,2,0.49157410860061646,False,0.6316169500350952,True,0.42298874258995056,False
68,4,3.5,0.5,7.75,0.25,E4,64,2,7,0.7422026991844177,True,0.7555345296859741,True,0.4963511824607849,False
69,5,0.0,0.5,8.0,0.25,C5,72,1,1,0.7166525721549988,True,0.01915532909333706,False,0.4286763370037079,False
70,5,0.0,0.5,8.0,0.25,A3,57,2,5,0.21806086599826813,False,0.44618868827819824,False,0.4222622513771057,False
71,5,0.5,0.5,8.25,0.25,A4,69,1,1,0.8863251805305481,True,0.4884411692619324,False,0.4876560568809509,False
72,5,0.5,0.25,8.25,0.125,F4,65,1,2,0.6714203357696533,True,0.6054180860519409,True,0.3642351031303406,False
73,5,0.5,0.75,8.25,0.375,D4,62,2,5,0.31224945187568665,False,0.41639620065689087,False,0.4090384840965271,False
74,5,0.75,0.25,8.375,0.125,E4,64,1,2,0.7903743386268616,True,0.5810940265655518,True,0.5651880502700806,True
75,5,1.0,0.25,8.5,0.125,D5,74,1,1,0.5946546196937561,True,0.0036941461730748415,False,0.43099141120910645,False
76,5,1.0,1.25,8.5,0.625,F4,65,1,2,0.6650869250297546,True,0.5345824956893921,True,0.44482502341270447,False
77,5,1.25,0.25,8.625,0.125,C5,72,1,1,0.6864036321640015,True,0.008877222426235676,False,0.4306254982948303,False
78,5,1.25,0.25,8.625,0.125,E4,64,2,5,0.7368170619010925,True,0.505271315574646,True,0.498587429523468,False
79,5,1.5,0.25,8.75,0.125,B4,71,1,1,0.7395417094230652,True,0.005556057672947645,False,0.43157243728637695,False
80,5,1.5,0.25,8.75,0.125,D4,62,2,5,0.4458887279033661,False,0.5798190236091614,True,0.4290074408054352,False
81,5,1.75,0.25,8.875,0.125,A4,69,1,1,0.8267759680747986,True,0.23443792760372162,False,0.4170907735824585,False
82,5,1.75,0.25,8.875,0.125,C4,60,2,5,0.6132721900939941,True,0.40922173857688904,False,0.4205804467201233,False
83,5,2.0,0.75,9.0,0.375,G4,67,1,1,0.6571003794670105,True,0.6856527328491211,True,0.40444156527519226,False
84,5,2.0,0.5,9.0,0.25,B3,59,2,5,0.38922491669654846,False,0.5492284893989563,True,0.4460717737674713,False
85,5,2.25,0.25,9.125,0.125,F4,65,1,2,0.5026876926422119,True,0.09396851807832718,False,0.4255255460739136,False
86,5,2.5,0.5,9.25,0.25,E4,64,1,2,0.8018684387207031,True,0.5112000107765198,True,0.436987042427063,False
87,5,2.5,1.0,9.25,0.5,C4,60,2,5,0.5163118243217468,True,0.3537459075450897,False,0.41341716051101685,False
88,5,2.5,0.5,9.25,0.25,C3,48,2,6,0.5353221893310547,True,0.45947030186653137,False,0.4161671996116638,False
89,5,2.75,0.25,9.375,0.125,G4,67,1,1,0.7912980914115906,True,0.7036463022232056,True,0.3877067565917969,False
90,5,3.0,0.25,9.5,0.125,F4,65,1,1,0.6366080045700073,True,0.28046947717666626,False,0.4331109821796417,False
91,5,3.0,1.0,9.5,0.5,D4,62,1,2,0.5009406208992004,True,0.4793465733528137,False,0.3991507887840271,False
92,5,3.0,0.5,9.5,0.25,D3,50,2,6,0.3510531187057495,False,0.4903385043144226,False,0.4082048535346985,False
93,5,3.25,0.25,9.625,0.125,E4,64,1,1,0.811427891254425,True,0.36946743726730347,False,0.43309611082077026,False
94,5,3.5,0.25,9.75,0.125,F4,65,1,1,0.5094844698905945,True,0.13870783150196075,False,0.42587003111839294,False
95,5,3.5,0.5,9.75,0.25,Bb3,58,2,5,0.7961340546607971,True,0.8759146928787231,True,0.4604721963405609,False
96,5,3.5,0.5,9.75,0.25,E3,52,2,6,0.24679411947727203,False,0.46009859442710876,False,0.4301169216632843,False
97,5,3.75,0.25,9.875,0.125,G4,67,1,1,0.6568375825881958,True,0.4666574001312256,False,0.410478413105011,False
98,6,0.0,0.25,10.0,0.125,A4,69,1,1,0.9753180146217346,True,0.9797906279563904,True,0.6140910387039185,True
99,6,0.0,0.5,10.0,0.25,C4,60,1,2,0.6940903663635254,True,0.7103977799415588,True,0.47970128059387207,False
100,6,0.0,0.5,10.0,0.25,A3,57,2,5,0.3094097971916199,False,0.4916612505912781,False,0.4210628569126129,False
101,6,0.0,0.75,10.0,0.375,F3,53,2,6,0.8435476422309875,True,0.9420616626739502,True,0.5656153559684753,True
102,6,0.25,0.25,10.125,0.125,G4,67,1,1,0.708324134349823,True,0.35154926776885986,False,0.42609405517578125,False
103,6,0.5,0.25,10.25,0.125,A4,69,1,1,0.9658603072166443,True,0.5941576957702637,True,0.5812179446220398,True
104,6,0.5,0.5,10.25,0.25,F4,65,1,2,0.6840773820877075,True,0.4090866446495056,False,0.4543958008289337,False
105,6,0.5,0.5,10.25,0.25,D4,62,2,5,0.6201511025428772,True,0.7655733227729797,True,0.47655948996543884,False
106,6,0.75,0.25,10.375,0.125,B4,71,1,1,0.5665073990821838,True,0.1232001855969429,False,0.414110004901886,False
107,6,0.75,0.125,10.375,0.0625,G3,55,2,6,0.5838693976402283,True,0.8132416605949402,True,0.28712597489356995,False
108,6,0.875,0.125,10.4375,0.0625,F3,53,2,6,0.7097405791282654,True,0.9563401937484741,True,0.5977843999862671,True
109,6,1.0,2.0,10.5,1.0,C5,72,1,1,0.6632490754127502,True,0.1900658905506134,False,0.4197142422199249,False
110,6,1.0,0.5,10.5,0.25,G3,55,2,5,0.6607570052146912,True,0.6033132076263428,True,0.3874781131744385,False
111,6,1.0,0.5,10.5,0.25,E3,52,2,6,0.258646160364151,False,0.46713143587112427,False,0.4321676790714264,False
112,6,1.25,0.25,10.625,0.125,G4,67,1,2,0.7693572044372559,True,0.836205244064331,True,0.47878095507621765,False
113,6,1.5,0.25,10.75,0.125,F4,65,1,2,0.8285068869590759,True,0.359433114528656,False,0.44020622968673706,False
114,6,1.5,0.5,10.75,0.25,C4,60,2,5,0.8282143473625183,True,0.25130167603492737,False,0.4305734634399414,False
115,6,1.5,0.5,10.75,0.25,A3,57,2,6,0.6928194761276245,True,0.9469493627548218,True,0.23421885073184967,False
116,6,1.75,0.25,10.875,0.125,E4,64,1,2,0.513861358165741,True,0.07530337572097778,False,0.42564868927001953,False
117,6,2.0,0.5,11.0,0.25,F4,65,1,2,0.6236360669136047,True,0.10100467503070831,False,0.4232681393623352,False
118,6,2.0,0.5,11.0,0.25,D3,50,2,6,0.2118428498506546,False,0.4045714735984802,False,0.4106823205947876,False
119,6,2.25,0.25,11.125,0.125,A3,57,2,5,0.7067195177078247,True,0.8506304621696472,True,0.23729078471660614,False
120,6,2.5,0.5,11.25,0.25,D4,62,1,2,0.9425466060638428,True,0.969414472579956,True,0.5049565434455872,True
121,6,2.5,0.25,11.25,0.125,B3,59,2,5,0.3447417616844177,False,0.5192447304725647,True,0.43856388330459595,False
122,6,2.5,0.75,11.25,0.375,G3,55,2,6,0.6306555271148682,True,0.19108545780181885,False,0.4154004752635956,False
123,6,2.75,0.25,11.375,0.125,C4,60,2,5,0.7822985649108887,True,0.48692673444747925,False,0.4356521666049957,False
124,6,3.0,1.0,11.5,0.5,B4,71,1,1,0.750359296798706,True,0.038054391741752625,False,0.4271077811717987,False
125,6,3.0,2.0,11.5,1.0,G4,67,1,2,0.7974736094474792,True,0.7246917486190796,True,0.49615103006362915,False
126,6,3.0,1.0,11.5,0.5,D4,62,2,5,0.9165612459182739,True,0.8280971050262451,True,0.3105661869049072,False
127,6,3.25,0.25,11.625,0.125,A3,57,2,6,0.553178071975708,True,0.4577992558479309,False,0.4189339280128479,False
128,6,3.5,0.25,11.75,0.125,G3,55,2,6,0.8488859534263611,True,0.833254337310791,True,0.3678114712238312,False
129,6,3.75,0.25,11.875,0.125,F3,53,2,6,0.6895195245742798,True,0.9425804615020752,True,0.6762479543685913,True
130,7,0.0,1.0,12.0,0.5,G3,55,2,5,0.8092154264450073,True,0.5977420210838318,True,0.46404919028282166,False
131,7,0.0,0.25,12.0,0.125,E3,52,2,6,0.37105026841163635,False,0.5626454949378967,True,0.4418564736843109,False
132,7,0.25,0.25,12.125,0.125,F3,53,2,6,0.6697715520858765,True,0.8600290417671204,True,0.6654534935951233,True
133,7,0.5,0.5,12.25,0.25,C5,72,1,1,0.5772484540939331,True,0.2279716432094574,False,0.4184558093547821,False
134,7,0.5,0.25,12.25,0.125,E3,52,2,6,0.13429836928844452,False,0.38168004155158997,False,0.4199441075325012,False
135,7,0.75,0.25,12.375,0.125,D3,50,2,6,0.17942482233047485,False,0.37820157408714294,False,0.4118399918079376,False
136,7,1.0,0.5,12.5,0.25,D5,74,1,1,0.8715822696685791,True,0.060234297066926956,False,0.4294688105583191,False
137,7,1.0,0.25,12.5,0.125,C3,48,2,6,0.47099751234054565,False,0.6516761183738708,True,0.45827868580818176,False
138,7,1.25,0.25,12.625,0.125,D3,50,2,6,0.1296309381723404,False,0.3557667136192322,False,0.41256287693977356,False
139,7,1.5,0.5,12.75,0.25,E5,76,1,1,0.9720242023468018,True,0.7171873450279236,True,0.5517581105232239,True
140,7,1.5,0.5,12.75,0.25,G3,55,2,5,0.5233286619186401,True,0.35039022564888,False,0.417609304189682,False
141,7,1.5,0.25,12.75,0.125,C3,48,2,6,0.5710572004318237,True,0.6247947216033936,True,0.4478185176849365,False
142,7,1.75,0.25,12.875,0.125,B2,47,2,6,0.10119958221912384,False,0.3834611177444458,False,0.4208976626396179,False
143,7,2.0,0.75,13.0,0.375,F5,77,1,1,0.767088770866394,True,0.3479993939399719,False,0.4400172233581543,False
144,7,2.0,0.5,13.0,0.25,A3,57,2,5,0.400217741727829,False,0.5463048219680786,True,0.4181354343891144,False
145,7,2.0,0.5,13.0,0.25,A2,45,2,6,0.23282606899738312,False,0.46547943353652954,False,0.4198359549045563,False
146,7,2.5,0.5,13.25,0.25,B3,59,2,5,0.2324288934469223,False,0.44610610604286194,False,0.42712193727493286,False
147,7,2.5,0.5,13.25,0.25,D3,50,2,6,0.1068546250462532,False,0.34845852851867676,False,0.4144068658351898,False
148,7,2.75,0.125,13.375,0.0625,G5,79,1,1,0.8120652437210083,True,0.30730557441711426,False,0.413309246301651,False
149,7,2.875,0.125,13.4375,0.0625,F5,77,1,1,0.6966022253036499,True,0.15021833777427673,False,0.42981112003326416,False
150,7,3.0,0.5,13.5,0.25,E5,76,1,1,0.9771075248718262,True,0.21272142231464386,False,0.45288512110710144,False
151,7,3.0,0.75,13.5,0.375,C4,60,2,5,0.9454995393753052,True,0.9586386680603027,True,0.645203709602356,True
152,7,3.0,0.5,13.5,0.25,A3,57,2,6,0.314686119556427,False,0.5057922005653381,True,0.423241525888443,False
153,7,3.5,0.5,13.75,0.25,A5,81,1,1,0.8555475473403931,True,0.03909216821193695,False,0.4295456111431122,False
154,7,3.5,0.5,13.75,0.25,F#3,54,2,6,0.30755355954170227,False,0.47176307439804077,False,0.42892342805862427,False
155,7,3.75,0.125,13.875,0.0625,D4,62,2,5,0.747151792049408,True,0.8999576568603516,True,0.2804875671863556,False
156,7,3.875,0.125,13.9375,0.0625,C4,60,2,5,0.9554933905601501,True,0.8524224758148193,True,0.6042249202728271,True
157,8,0.0,0.5,14.0,0.25,D5,74,1,3,0.7072479128837585,True,0.042597897350788116,False,0.424037367105484,False
158,8,0.0,0.5,14.0,0.25,B3,59,2,5,0.2306736260652542,False,0.46676525473594666,False,0.4306756854057312,False
159,8,0.0,0.25,14.0,0.125,G3,55,2,6,0.3810584247112274,False,0.546859860420227,True,0.4255697429180145,False
160,8,0.25,0.25,14.125,0.125,A3,57,2,6,0.460589200258255,False,0.6102483868598938,True,0.4199736714363098,False
161,8,0.5,0.75,14.25,0.375,G5,79,1,3,0.8837518692016602,True,0.17126131057739258,False,0.4222610592842102,False
162,8,0.5,0.5,14.25,0.25,E4,64,2,5,0.8419370651245117,True,0.3596397340297699,False,0.4058716893196106,False
163,8,0.5,0.25,14.25,0.125,Bb3,58,2,6,0.5627191066741943,True,0.5902382731437683,True,0.459850937128067,False
164,8,0.75,0.25,14.375,0.125,G3,55,2,6,0.5345079898834229,True,0.4490506947040558,False,0.4152446389198303,False
165,8,1.0,0.5,14.5,0.25,A3,57,2,5,0.3001609742641449,False,0.5027450919151306,True,0.42130428552627563,False
166,8,1.0,0.5,14.5,0.25,C#3,49,2,6,0.5590214729309082,True,0.3603338599205017,False,0.4024747908115387,False
167,8,1.25,0.25,14.625,0.125,A5,81,1,3,0.7583182454109192,True,0.12207161635160446,False,0.4242643415927887,False
168,8,1.5,0.25,14.75,0.125,G5,79,1,3,0.9070161581039429,True,0.1036081612110138,False,0.43047142028808594,False
169,8,1.5,0.75,14.75,0.375,D4,62,2,5,0.8665475249290466,True,0.6808900833129883,True,0.12493155151605606,False
170,8,1.5,0.5,14.75,0.25,D3,50,2,6,0.27546244859695435,False,0.509518027305603,True,0.4148498773574829,False
171,8,1.75,0.25,14.875,0.125,F5,77,1,3,0.7336938381195068,True,0.13696931302547455,False,0.4231269955635071,False
172,8,2.0,0.5,15.0,0.25,E5,76,1,3,0.8439621925354004,True,0.06298632174730301,False,0.4285387396812439,False
173,8,2.0,1.0,15.0,0.5,A3,57,2,6,0.3928312063217163,False,0.5567986965179443,True,0.42671626806259155,False
174,8,2.25,0.25,15.125,0.125,E4,64,2,5,0.7076213955879211,True,0.4605077803134918,False,0.3967777490615845,False
175,8,2.5,0.75,15.25,0.375,A5,81,1,3,0.8539338707923889,True,0.26729756593704224,False,0.43820813298225403,False
176,8,2.5,0.25,15.25,0.125,D4,62,2,5,0.8167040944099426,True,0.7847615480422974,True,0.09194565564393997,False
177,8,2.75,0.25,15.375,0.125,C4,60,2,5,0.8780596852302551,True,0.8322342038154602,True,0.5836355686187744,True
178,8,3.0,0.5,15.5,0.25,B3,59,2,5,0.6533722877502441,True,0.7821944952011108,True,0.2843403220176697,False
179,8,3.0,1.0,15.5,0.5,E3,52,2,6,0.10959309339523315,False,0.35301440954208374,False,0.4200440049171448,False
180,8,3.25,0.25,15.625,0.125,B5,83,1,3,0.8743104934692383,True,0.47166407108306885,False,0.4325225055217743,False
181,8,3.5,0.25,15.75,0.125,A5,81,1,3,0.7565276026725769,True,0.1728169322013855,False,0.4266184866428375,False
182,8,3.5,1.5,15.75,0.75,E4,64,2,5,0.7779001593589783,True,0.7636345624923706,True,0.42932194471359253,False
183,8,3.75,0.25,15.875,0.125,G5,79,1,3,0.7767120599746704,True,0.11683069169521332,False,0.42510348558425903,False
184,9,0.0,2.0,16.0,1.0,F5,77,1,1,0.7853102087974548,True,0.1278538554906845,False,0.42491045594215393,False
185,9,0.0,0.25,16.0,0.125,A3,57,2,6,0.2693336009979248,False,0.5119028091430664,True,0.4372875690460205,False
186,9,0.25,0.25,16.125,0.125,B3,59,2,6,0.49184170365333557,False,0.5614108443260193,True,0.42403680086135864,False
187,9,0.5,0.5,16.25,0.25,G4,67,1,2,0.8938241004943848,True,0.8545012474060059,True,0.49162718653678894,False
188,9,0.5,0.25,16.25,0.125,C4,60,2,6,0.9176312685012817,True,0.8410101532936096,True,0.5581573247909546,True
189,9,0.75,0.25,16.375,0.125,D4,62,2,6,0.38164836168289185,False,0.505446195602417,True,0.4075705111026764,False
190,9,1.0,0.5,16.5,0.25,A4,69,1,2,0.9265151619911194,True,0.48331430554389954,False,0.49921610951423645,False
191,9,1.0,1.0,16.5,0.5,D4,62,2,5,0.4990087151527405,False,0.6165119409561157,True,0.4209405183792114,False
192,9,1.0,0.25,16.5,0.125,C4,60,2,6,0.9080643057823181,True,0.8036138415336609,True,0.47210121154785156,False
193,9,1.25,0.25,16.625,0.125,B3,59,2,6,0.4590829610824585,False,0.5476444959640503,True,0.43138596415519714,False
194,9,1.5,0.5,16.75,0.25,B4,71,1,2,0.734646737575531,True,0.05757446587085724,False,0.42787641286849976,False
195,9,1.5,0.25,16.75,0.125,A3,57,2,6,0.32025644183158875,False,0.5543029308319092,True,0.44175729155540466,False
196,9,1.75,0.25,16.875,0.125,G3,55,2,6,0.39745405316352844,False,0.5176159143447876,True,0.4078387916088104,False
197,9,2.0,0.75,17.0,0.375,E5,76,1,1,0.9232986569404602,True,0.07174050807952881,False,0.4334338307380676,False
198,9,2.0,0.75,17.0,0.375,C5,72,1,2,0.8683083653450012,True,0.30856090784072876,False,0.43817138671875,False
199,9,2.0,0.25,17.0,0.125,C4,60,2,5,0.8681693077087402,True,0.7818978428840637,True,0.40711045265197754,False
200,9,2.0,0.5,17.0,0.25,C4,60,2,6,0.865458071231842,True,0.6978751420974731,True,0.3974972069263458,False
201,9,2.25,0.25,17.125,0.125,B3,59,2,5,0.5537827610969543,True,0.8674200177192688,True,0.41581225395202637,False
202,9,2.5,0.25,17.25,0.125,C4,60,2,5,0.8817200660705566,True,0.8690723776817322,True,0.4393303394317627,False
203,9,2.75,0.25,17.375,0.125,F#5,78,1,1,0.6980296969413757,True,0.13690121471881866,False,0.4269077777862549,False
204,9,2.75,0.125,17.375,0.0625,D5,74,1,2,0.8670178055763245,True,0.22192691266536713,False,0.4336753189563751,False
205,9,2.75,0.25,17.375,0.125,A3,57,2,5,0.3045283555984497,False,0.5395131707191467,True,0.428530752658844,False
206,9,2.875,0.125,17.4375,0.0625,C5,72,1,2,0.7652271389961243,True,0.09529588371515274,False,0.4290146231651306,False
207,9,3.0,2.0,17.5,1.0,G5,79,1,1,0.8246617913246155,True,0.4075487554073334,False,0.45591431856155396,False
208,9,3.0,0.5,17.5,0.25,B4,71,1,2,0.56498122215271,True,0.04226864501833916,False,0.4266171157360077,False
209,9,3.0,0.25,17.5,0.125,E4,64,2,5,0.8870293498039246,True,0.6679844856262207,True,0.5231884121894836,True
210,9,3.25,0.25,17.625,0.125,D4,62,2,5,0.5963647365570068,True,0.7762634754180908,True,0.14526589214801788,False
211,9,3.5,0.5,17.75,0.25,E5,76,1,2,0.6790257692337036,True,0.022959938272833824,False,0.4273373484611511,False
212,9,3.5,0.25,17.75,0.125,C4,60,2,5,0.8203622698783875,True,0.9042060375213623,True,0.4010939598083496,False
213,9,3.75,0.25,17.875,0.125,B3,59,2,5,0.6392003297805786,True,0.8676899671554565,True,0.39805901050567627,False
214,10,0.0,0.5,18.0,0.25,A4,69,1,2,0.6849254369735718,True,0.20416107773780823,False,0.4259670376777649,False
215,10,0.0,0.25,18.0,0.125,C4,60,2,5,0.8396174907684326,True,0.9364629983901978,True,0.5501865744590759,True
216,10,0.25,0.25,18.125,0.125,A3,57,2,5,0.3004559576511383,False,0.5063266158103943,True,0.4264650344848633,False
217,10,0.5,0.75,18.25,0.375,D5,74,1,2,0.8220312595367432,True,0.06878408044576645,False,0.42477771639823914,False
218,10,0.5,0.25,18.25,0.125,B3,59,2,5,0.7958106398582458,True,0.8428865075111389,True,0.6269029378890991,True
219,10,0.75,0.25,18.375,0.125,C4,60,2,5,0.8035545349121094,True,0.8798584342002869,True,0.5522158145904541,True
220,10,1.0,1.0,18.5,0.5,F#5,78,1,1,0.6711514592170715,True,0.1382356882095337,False,0.42231205105781555,False
221,10,1.0,0.25,18.5,0.125,D4,62,2,5,0.5578651428222656,True,0.7932435870170593,True,0.3405112028121948,False
222,10,1.25,0.25,18.625,0.125,E5,76,1,2,0.771055281162262,True,0.04121966287493706,False,0.43085822463035583,False
223,10,1.25,0.25,18.625,0.125,C4,60,2,5,0.5929559469223022,True,0.7156436443328857,True,0.3832607567310333,False
224,10,1.5,0.25,18.75,0.125,D5,74,1,2,0.8582407236099243,True,0.06154879927635193,False,0.42588555812835693,False
225,10,1.5,0.25,18.75,0.125,B3,59,2,5,0.5678473711013794,True,0.6187005639076233,True,0.44898444414138794,False
226,10,1.75,0.25,18.875,0.125,C5,72,1,2,0.92582106590271,True,0.057489968836307526,False,0.43261879682540894,False
227,10,1.75,0.25,18.875,0.125,A3,57,2,5,0.4967747628688812,False,0.571533739566803,True,0.4217914342880249,False
228,10,2.0,0.25,19.0,0.125,G5,79,1,1,0.8010579347610474,True,0.09287712723016739,False,0.42456546425819397,False
229,10,2.0,0.5,19.0,0.25,B4,71,1,2,0.7122862339019775,True,0.05260669067502022,False,0.4292904734611511,False
230,10,2.0,1.0,19.0,0.5,G3,55,2,5,0.42372408509254456,False,0.5684356093406677,True,0.4188860058784485,False
231,10,2.25,0.25,19.125,0.125,F5,77,1,1,0.7878490090370178,True,0.07022462040185928,False,0.42773669958114624,False
232,10,2.5,0.25,19.25,0.125,E5,76,1,1,0.7864778637886047,True,0.04886047914624214,False,0.428816020488739,False
233,10,2.5,0.5,19.25,0.25,G2,43,2,6,0.29243868589401245,False,0.47820189595222473,False,0.4164261221885681,False
234,10,2.75,0.25,19.375,0.125,D5,74,1,1,0.8432909250259399,True,0.01707937754690647,False,0.43016088008880615,False
235,10,3.0,0.25,19.5,0.125,C5,72,1,1,0.8987041711807251,True,0.0839395597577095,False,0.43368664383888245,False
236,10,3.0,0.5,19.5,0.25,A2,45,2,6,0.2871429920196533,False,0.5042575597763062,True,0.4226902723312378,False
237,10,3.25,0.25,19.625,0.125,D5,74,1,1,0.8106292486190796,True,0.017578423023223877,False,0.42959389090538025,False
238,10,3.5,0.25,19.75,0.125,C5,72,1,1,0.8852356672286987,True,0.17227448523044586,False,0.44321030378341675,False
239,10,3.5,0.5,19.75,0.25,D4,62,1,2,0.7675462365150452,True,0.8532459139823914,True,0.26987844705581665,False
240,10,3.5,0.5,19.75,0.25,B2,47,2,6,0.26207447052001953,False,0.48766395449638367,False,0.4288802146911621,False
241,10,3.75,0.25,19.875,0.125,B4,71,1,1,0.6143442392349243,True,0.008070415817201138,False,0.4312734305858612,False
242,11,0.0,0.25,20.0,0.125,A4,69,1,1,0.8581727743148804,True,0.2656387686729431,False,0.4309444725513458,False
243,11,0.0,0.5,20.0,0.25,E4,64,1,2,0.9068959355354309,True,0.6583486199378967,True,0.4542223811149597,False
244,11,0.0,0.75,20.0,0.375,C3,48,2,6,0.5007163286209106,True,0.39136582612991333,False,0.42690974473953247,False
245,11,0.25,0.25,20.125,0.125,C5,72,1,1,0.8400819301605225,True,0.1182672455906868,False,0.43352010846138,False
246,11,0.5,0.25,20.25,0.125,B4,71,1,1,0.8271917700767517,True,0.14350327849388123,False,0.4188273847103119,False
247,11,0.5,0.5,20.25,0.25,F#4,66,1,2,0.6570679545402527,True,0.6823168396949768,True,0.40114885568618774,False
248,11,0.75,0.25,20.375,0.125,A4,69,1,1,0.6438460946083069,True,0.3498271107673645,False,0.416725218296051,False
249,11,0.75,0.125,20.375,0.0625,D3,50,2,6,0.29804131388664246,False,0.42793676257133484,False,0.4060605764389038,False
250,11,0.875,0.125,20.4375,0.0625,C3,48,2,6,0.3093734383583069,False,0.527709424495697,True,0.4243412911891937,False
251,11,1.0,0.75,20.5,0.375,G4,67,1,2,0.8007196187973022,True,0.8236673474311829,True,0.5413053035736084,True
252,11,1.0,0.5,20.5,0.25,B2,47,2,6,0.5743365287780762,True,0.8507556319236755,True,0.6088863611221313,True
253,11,1.5,0.5,20.75,0.25,E3,52,2,6,0.16652528941631317,False,0.3909219205379486,False,0.42242759466171265,False
254,11,1.75,0.125,20.875,0.0625,A4,69,1,2,0.6664245128631592,True,0.4006879925727844,False,0.39784589409828186,False
255,11,1.875,0.125,20.9375,0.0625,G4,67,1,2,0.8366917371749878,True,0.5473276376724243,True,0.5256771445274353,True
256,11,2.0,0.5,21.0,0.25,F#4,66,1,2,0.6444531679153442,True,0.7064953446388245,True,0.4034198820590973,False
257,11,2.0,0.5,21.0,0.25,A2,45,2,6,0.2254500389099121,False,0.4649462103843689,False,0.4221537113189697,False
258,11,2.25,0.25,21.125,0.125,C5,72,1,1,0.9359213709831238,True,0.34213268756866455,False,0.46301472187042236,False
259,11,2.5,0.25,21.25,0.125,B4,71,1,1,0.7685001492500305,True,0.2546946406364441,False,0.4129897356033325,False
260,11,2.5,0.5,21.25,0.25,B4,71,1,2,0.6837770342826843,True,0.22507400810718536,False,0.4194500744342804,False
261,11,2.5,0.75,21.25,0.375,D3,50,2,6,0.25428080558776855,False,0.4263395369052887,False,0.41739270091056824,False
262,11,2.75,0.25,21.375,0.125,A4,69,1,1,0.686541736125946,True,0.6534954905509949,True,0.14485758543014526,False
263,11,3.0,0.5,21.5,0.25,G#4,68,1,1,0.795218288898468,True,0.7956072092056274,True,0.5341597199440002,True
264,11,3.0,0.5,21.5,0.25,E4,64,1,2,0.5681911110877991,True,0.4272690415382385,False,0.4185447096824646,False
265,11,3.25,0.25,21.625,0.125,E3,52,2,6,0.2078569531440735,False,0.44167909026145935,False,0.424620121717453,False
266,11,3.5,0.5,21.75,0.25,E5,76,1,1,0.8994436264038086,True,0.08809557557106018,False,0.4271039664745331,False
267,11,3.5,0.75,21.75,0.375,A4,69,1,2,0.5879737734794617,True,0.7460706233978271,True,0.08071792125701904,False
268,11,3.5,0.25,21.75,0.125,D3,50,2,6,0.19439740478992462,False,0.383967787027359,False,0.41363203525543213,False
269,11,3.75,0.25,21.875,0.125,C3,48,2,6,0.41192179918289185,False,0.5142561197280884,True,0.4186006486415863,False
270,12,0.0,0.5,22.0,0.25,D5,74,1,1,0.8858802914619446,True,0.3593505918979645,False,0.4271899163722992,False
271,12,0.0,0.5,22.0,0.25,B2,47,2,6,0.1903742253780365,False,0.45142048597335815,False,0.4290120005607605,False
272,12,0.25,0.25,22.125,0.125,B4,71,1,2,0.6333323121070862,True,0.37862661480903625,False,0.41973593831062317,False
273,12,0.5,0.25,22.25,0.125,C5,72,1,1,0.9402796626091003,True,0.25705429911613464,False,0.4351353943347931,False
274,12,0.5,0.25,22.25,0.125,A4,69,1,2,0.5563196539878845,True,0.549132764339447,True,0.10000012069940567,False
275,12,0.5,0.5,22.25,0.25,E3,52,2,5,0.10520723462104797,False,0.36592066287994385,False,0.42078810930252075,False
276,12,0.5,1.0,22.25,0.5,E3,52,2,6,0.09717398136854172,False,0.36186227202415466,False,0.4210244119167328,False
277,12,0.75,0.25,22.375,0.125,B4,71,1,1,0.4445575475692749,False,0.5673927664756775,True,0.4185127317905426,False
278,12,0.75,0.25,22.375,0.125,G#4,68,1,2,0.7932388782501221,True,0.715656042098999,True,0.43374335765838623,False
279,12,1.0,0.25,22.5,0.125,A4,69,1,1,0.7496064901351929,True,0.6278491020202637,True,0.15456248819828033,False
280,12,1.0,0.5,22.5,0.25,F#4,66,1,2,0.5106267333030701,True,0.649759829044342,True,0.24456332623958588,False
281,12,1.0,0.5,22.5,0.25,F#3,54,2,5,0.6770837903022766,True,0.8142169117927551,True,0.42247986793518066,False
282,12,1.25,0.25,22.625,0.125,G#4,68,1,1,0.8526188135147095,True,0.8100488185882568,True,0.609189510345459,True
283,12,1.5,0.25,22.75,0.125,A4,69,1,1,0.7190864682197571,True,0.713492214679718,True,0.0569801889359951,False
284,12,1.5,0.5,22.75,0.25,F4,65,1,2,0.45351454615592957,False,0.693149745464325,True,0.4472470283508301,False
285,12,1.5,0.5,22.75,0.25,G#3,56,2,5,0.4445912539958954,False,0.6719171404838562,True,0.4592151343822479,False
286,12,1.5,0.5,22.75,0.25,D3,50,2,6,0.296132355928421,False,0.4716441333293915,False,0.41368669271469116,False
287,12,1.75,0.25,22.875,0.125,B4,71,1,1,0.661177933216095,True,0.38356173038482666,False,0.4146513044834137,False
288,12,2.0,0.25,23.0,0.125,C5,72,1,1,0.9691506028175354,True,0.16202962398529053,False,0.4330083429813385,False
289,12,2.0,0.5,23.0,0.25,E4,64,1,2,0.6553339958190918,True,0.6038280725479126,True,0.29858678579330444,False
290,12,2.0,0.75,23.0,0.375,A3,57,2,5,0.49721938371658325,False,0.6476728320121765,True,0.44517797231674194,False
291,12,2.0,0.5,23.0,0.25,C3,48,2,6,0.3030233085155487,False,0.4878309369087219,False,0.41975194215774536,False
292,12,2.25,0.25,23.125,0.125,F#4,66,1,1,0.43824824690818787,False,0.5581092238426208,True,0.4316652715206146,False
293,12,2.5,0.25,23.25,0.125,A4,69,1,1,0.8674224019050598,True,0.8398405313491821,True,0.12496619671583176,False
294,12,2.5,0.75,23.25,0.375,D4,62,1,2,0.6775233149528503,True,0.6871299147605896,True,0.15253004431724548,False
295,12,2.5,1.0,23.25,0.5,F3,53,2,6,0.3202628195285797,False,0.603537380695343,True,0.4359116852283478,False
296,12,2.75,0.25,23.375,0.125,G#4,68,1,1,0.9013540148735046,True,0.8748576045036316,True,0.1951608657836914,False
297,12,2.75,0.125,23.375,0.0625,B3,59,2,5,0.3561685085296631,False,0.4329478144645691,False,0.414314329624176,False
298,12,2.875,0.125,23.4375,0.0625,A3,57,2,5,0.7734295725822449,True,0.7548878788948059,True,0.3727872669696808,False
299,12,3.0,0.5,23.5,0.25,B4,71,1,1,0.5142765045166016,True,0.15126433968544006,False,0.418428510427475,False
300,12,3.0,0.5,23.5,0.25,G#3,56,2,5,0.4229537844657898,False,0.6462148427963257,True,0.4574841260910034,False
301,12,3.25,0.25,23.625,0.125,E4,64,1,2,0.8626369833946228,True,0.8368740677833557,True,0.12268979847431183,False
302,12,3.5,0.25,23.75,0.125,A4,69,1,1,0.8949286341667175,True,0.6251210570335388,True,0.34279751777648926,False
303,12,3.5,0.25,23.75,0.125,F#4,66,1,2,0.5941884517669678,True,0.9106290936470032,True,0.2767285704612732,False
304,12,3.5,0.5,23.75,0.25,C4,60,2,5,0.25873762369155884,False,0.4668983817100525,False,0.4215911328792572,False
305,12,3.5,1.0,23.75,0.5,E3,52,2,6,0.12038271874189377,False,0.3825896978378296,False,0.4222889542579651,False
306,12,3.75,0.25,23.875,0.125,B4,71,1,1,0.4123365581035614,False,0.5541817545890808,True,0.4212247431278229,False
307,12,3.75,0.25,23.875,0.125,G#4,68,1,2,0.8675278425216675,True,0.7056074142456055,True,0.40859878063201904,False
308,13,0.0,0.5,24.0,0.25,C5,72,1,1,0.8790573477745056,True,0.06676574051380157,False,0.42505118250846863,False
309,13,0.0,0.25,24.0,0.125,A4,69,1,2,0.8541846871376038,True,0.6253488063812256,True,0.36435574293136597,False
310,13,0.0,0.5,24.0,0.25,F#3,54,2,5,0.5084931254386902,True,0.6558772921562195,True,0.3631669878959656,False
311,13,0.25,0.25,24.125,0.125,G#4,68,1,2,0.9170437455177307,True,0.8274416327476501,True,0.6152613759040833,True
312,13,0.5,0.5,24.25,0.25,F5,77,1,1,0.8605015277862549,True,0.054099321365356445,False,0.4277872145175934,False
313,13,0.5,0.25,24.25,0.125,A4,69,1,2,0.8717097043991089,True,0.3533405661582947,False,0.41583096981048584,False
314,13,0.5,0.75,24.25,0.375,B3,59,2,5,0.5772396922111511,True,0.29273250699043274,False,0.4161795675754547,False
315,13,0.5,1.0,24.25,0.5,D3,50,2,6,0.34449687600135803,False,0.46647733449935913,False,0.409381240606308,False
316,13,0.75,0.25,24.375,0.125,B4,71,1,2,0.6498221755027771,True,0.23326320946216583,False,0.4180562496185303,False
317,13,1.0,0.5,24.5,0.25,E5,76,1,1,0.7733124494552612,True,0.08666371554136276,False,0.4277191758155823,False
318,13,1.0,0.25,24.5,0.125,G#4,68,1,2,0.8780771493911743,True,0.5327820777893066,True,0.5287917256355286,True
319,13,1.25,0.25,24.625,0.125,F#4,66,1,2,0.38085541129112244,False,0.543798565864563,True,0.427619993686676,False
320,13,1.25,0.25,24.625,0.125,C4,60,2,5,0.4255567193031311,False,0.6333405375480652,True,0.4381003677845001,False
321,13,1.5,1.0,24.75,0.5,D5,74,1,1,0.9306197166442871,True,0.04090115800499916,False,0.42677608132362366,False
322,13,1.5,0.25,24.75,0.125,G#4,68,1,2,0.8596118092536926,True,0.24474667012691498,False,0.4399165213108063,False
323,13,1.5,0.25,24.75,0.125,B3,59,2,5,0.35394617915153503,False,0.5115366578102112,True,0.4212082326412201,False
324,13,1.5,0.5,24.75,0.25,E3,52,2,6,0.22629565000534058,False,0.4193159341812134,False,0.42419758439064026,False
325,13,1.75,0.25,24.875,0.125,A4,69,1,2,0.7350108623504639,True,0.07143276929855347,False,0.4279400706291199,False
326,13,1.75,0.25,24.875,0.125,A3,57,2,5,0.48201924562454224,False,0.6604668498039246,True,0.452644944190979,False
327,13,2.0,0.5,25.0,0.25,B4,71,1,2,0.8119160532951355,True,0.08639983087778091,False,0.4300737679004669,False
328,13,2.0,0.5,25.0,0.25,G#3,56,2,5,0.528410017490387,True,0.708483099937439,True,0.4021163284778595,False
329,13,2.0,0.5,25.0,0.25,F3,53,2,6,0.4744046926498413,False,0.6239727139472961,True,0.4218074083328247,False
330,13,2.5,0.25,25.25,0.125,C5,72,1,1,0.9377169013023376,True,0.06103333458304405,False,0.43205103278160095,False
331,13,2.5,1.0,25.25,0.5,A3,57,2,5,0.645650327205658,True,0.9156811237335205,True,0.4644565284252167,False
332,13,2.5,0.25,25.25,0.125,E3,52,2,6,0.21668361127376556,False,0.45444121956825256,False,0.423292875289917,False
333,13,2.75,0.25,25.375,0.125,B4,71,1,1,0.6723110675811768,True,0.03536979854106903,False,0.42969846725463867,False
334,13,2.75,0.25,25.375,0.125,D3,50,2,6,0.31300637125968933,False,0.5029035210609436,True,0.4245164096355438,False
335,13,3.0,0.75,25.5,0.375,B4,71,1,1,0.6840365529060364,True,0.04057738557457924,False,0.42959293723106384,False
336,13,3.0,1.0,25.5,0.5,E3,52,2,6,0.27129197120666504,False,0.5176626443862915,True,0.4339483082294464,False
337,13,3.5,0.5,25.75,0.25,G#3,56,2,5,0.5965866446495056,True,0.8044993281364441,True,0.44054168462753296,False
338,13,3.75,0.25,25.875,0.125,A4,69,1,1,0.6300013065338135,True,0.2548913061618805,False,0.42880579829216003,False
339,14,0.0,1.0,26.0,0.5,A4,69,1,1,0.5708718299865723,True,0.17106889188289642,False,0.41963011026382446,False
340,14,0.0,1.0,26.0,0.5,A3,57,2,5,0.5521283149719238,True,0.8189931511878967,True,0.454343318939209,False
341,14,0.0,1.0,26.0,0.5,A2,45,2,6,0.2242726981639862,False,0.42742177844047546,False,0.42134779691696167,False
342,14,0.5,0.5,26.25,0.25,C4,60,1,2,0.4401027262210846,False,0.5781312584877014,True,0.42252761125564575,False
343,14,1.0,0.5,26.5,0.25,D4,62,1,2,0.8635029196739197,True,0.8888757824897766,True,0.3641095459461212,False
344,14,1.5,0.5,26.75,0.25,E4,64,1,2,0.7247952222824097,True,0.5052116513252258,True,0.3450504243373871,False
345,14,1.5,0.5,26.75,0.25,G3,55,2,5,0.4092981517314911,False,0.5678383111953735,True,0.4156617522239685,False
346,14,2.0,0.75,27.0,0.375,F4,65,1,1,0.6431152820587158,True,0.5334372520446777,True,0.4603484869003296,False
347,14,2.0,0.5,27.0,0.25,A3,57,2,5,0.6296830177307129,True,0.8235853314399719,True,0.4583173394203186,False
348,14,2.5,0.5,27.25,0.25,B3,59,2,5,0.21609775722026825,False,0.43877455592155457,False,0.4234583377838135,False
349,14,2.75,0.125,27.375,0.0625,G4,67,1,1,0.8603119254112244,True,0.08718784153461456,False,0.4237325191497803,False
350,14,2.875,0.125,27.4375,0.0625,F4,65,1,1,0.8114330768585205,True,0.48356789350509644,False,0.4175369441509247,False
351,14,3.0,0.5,27.5,0.25,E4,64,1,1,0.6862708330154419,True,0.2935658395290375,False,0.420699805021286,False
352,14,3.0,0.75,27.5,0.375,C4,60,1,5,0.5590395927429199,True,0.6949365735054016,True,0.44207367300987244,False
353,14,3.5,0.5,27.75,0.25,A4,69,1,1,0.6401495337486267,True,0.4542911946773529,False,0.43554314970970154,False
354,14,3.75,0.125,27.875,0.0625,D4,62,1,5,0.892077624797821,True,0.6167705655097961,True,0.5709197521209717,True
355,14,3.875,0.125,27.9375,0.0625,C4,60,1,5,0.5339524149894714,True,0.5525491833686829,True,0.318975567817688,False
356,15,0.0,0.5,28.0,0.25,D4,62,1,3,0.7597376108169556,True,0.5750021934509277,True,0.45025601983070374,False
357,15,0.0,0.5,28.0,0.25,B3,59,1,5,0.3198770582675934,False,0.4860938489437103,False,0.4200427234172821,False
358,15,0.5,1.25,28.25,0.625,G4,67,1,3,0.9396538138389587,True,0.3022770583629608,False,0.4107529819011688,False
359,15,0.5,0.5,28.25,0.25,E4,64,1,5,0.78948575258255,True,0.8012611269950867,True,0.44653716683387756,False
360,15,0.5,0.5,28.25,0.25,G2,43,2,6,0.38773852586746216,False,0.5768634080886841,True,0.42794346809387207,False
361,15,1.0,0.5,28.5,0.25,A3,57,1,5,0.5673869848251343,True,0.6186322569847107,True,0.46116146445274353,False
362,15,1.0,0.5,28.5,0.25,A2,45,2,6,0.12154114246368408,False,0.39425796270370483,False,0.42113417387008667,False
363,15,1.25,0.25,28.625,0.125,A4,69,1,3,0.5503681898117065,True,0.33093732595443726,False,0.4321333169937134,False
364,15,1.5,0.25,28.75,0.125,G4,67,1,3,0.9447453022003174,True,0.094355508685112,False,0.4217538833618164,False
365,15,1.5,1.0,28.75,0.5,D4,62,1,5,0.4835391938686371,False,0.556687593460083,True,0.4117909371852875,False
366,15,1.5,0.5,28.75,0.25,B2,47,2,6,0.22401781380176544,False,0.43880122900009155,False,0.4244869351387024,False
367,15,1.75,0.25,28.875,0.125,F4,65,1,3,0.7902233600616455,True,0.8009232878684998,True,0.4531845450401306,False
368,15,2.0,0.5,29.0,0.25,E4,64,1,3,0.6142546534538269,True,0.18387576937675476,False,0.4275243878364563,False
369,15,2.0,0.75,29.0,0.375,C3,48,2,6,0.4660528302192688,False,0.5544689297676086,True,0.439454585313797,False
370,15,3.0,0.5,29.5,0.25,G4,67,1,1,0.8452252745628357,True,0.4632894694805145,False,0.40616801381111145,False
371,15,2.5,0.5,29.25,0.25,E4,64,1,1,0.6869833469390869,True,0.36549293994903564,False,0.4440672993659973,False
372,15,2.5,0.5,29.25,0.25,G3,55,2,5,0.237784281373024,False,0.46222785115242004,False,0.4187653958797455,False
373,15,2.75,0.125,29.375,0.0625,D3,50,2,6,0.2934862971305847,False,0.4802423417568207,False,0.41704556345939636,False
374,15,2.875,0.125,29.4375,0.0625,C3,48,2,6,0.33186396956443787,False,0.4940800666809082,False,0.422146201133728,False
375,15,3.5,0.5,29.75,0.25,A4,69,1,1,0.7014262676239014,True,0.271035760641098,False,0.423204243183136,False
376,15,3.0,0.5,29.5,0.25,F#4,66,1,1,0.3972318768501282,False,0.4780399203300476,False,0.41802963614463806,False
377,15,3.0,1.0,29.5,0.5,D4,62,1,5,0.7299388647079468,True,0.6080993413925171,True,0.4115699231624603,False
378,15,3.0,0.5,29.5,0.25,B2,47,2,6,0.3601425886154175,False,0.5374819040298462,True,0.43058761954307556,False
379,15,4.0,0.5,30.0,0.25,B4,71,1,1,0.8340314030647278,True,0.12315981090068817,False,0.4281820058822632,False
380,15,3.5,0.5,29.75,0.25,G4,67,1,1,0.8968926072120667,True,0.3051304817199707,False,0.41246408224105835,False
381,15,3.5,0.5,29.75,0.25,E3,52,2,6,0.14295737445354462,False,0.36573538184165955,False,0.4208361506462097,False
382,16,0.0,0.75,30.0,0.375,C5,72,1,1,0.9121530055999756,True,0.05281582474708557,False,0.42717403173446655,False
383,16,0.0,0.5,30.0,0.25,C4,60,1,5,0.5100172758102417,True,0.7106433510780334,True,0.377162367105484,False
384,16,0.0,0.5,30.0,0.25,A2,45,2,6,0.25067079067230225,False,0.5170227885246277,True,0.4315475523471832,False
385,16,0.5,0.5,30.25,0.25,F#4,66,1,3,0.5229793190956116,True,0.7491074204444885,True,0.5443322062492371,True
386,16,0.5,0.5,30.25,0.25,A3,57,2,5,0.5920460224151611,True,0.7403053045272827,True,0.3385148048400879,False
387,16,0.5,0.75,30.25,0.375,D3,50,2,6,0.23999278247356415,False,0.5110650658607483,True,0.43256306648254395,False
388,16,0.75,0.125,30.375,0.0625,D5,74,1,1,0.8381114602088928,True,0.03765707090497017,False,0.4263661801815033,False
389,16,0.875,0.125,30.4375,0.0625,C5,72,1,1,0.8767472505569458,True,0.09465328603982925,False,0.4249732792377472,False
390,16,1.5,0.5,30.75,0.25,B4,71,1,1,0.7511432766914368,True,0.09943699091672897,False,0.42681360244750977,False
391,16,1.0,0.5,30.5,0.25,G4,67,1,1,0.7144431471824646,True,0.2989022433757782,False,0.40766778588294983,False
392,16,1.0,1.0,30.5,0.5,E4,64,1,5,0.7920066118240356,True,0.5078357458114624,True,0.5380626320838928,True
393,16,1.25,0.25,30.625,0.125,E3,52,2,6,0.1363762766122818,False,0.38728007674217224,False,0.4237138628959656,False
394,16,2.0,0.5,31.0,0.25,C5,72,1,1,0.8213368654251099,True,0.039448827505111694,False,0.4261012673377991,False
395,16,1.5,1.0,30.75,0.5,A4,69,1,1,0.6312056183815002,True,0.21706175804138184,False,0.4108363687992096,False
396,16,1.5,0.25,30.75,0.125,D3,50,2,6,0.19879141449928284,False,0.406812459230423,False,0.41594016551971436,False
397,16,1.75,0.25,30.875,0.125,C3,48,2,6,0.3942564129829407,False,0.5641959309577942,True,0.4332304298877716,False
398,16,2.0,0.5,31.0,0.25,D5,74,1,1,0.8809510469436646,True,0.07335671782493591,False,0.42564156651496887,False
399,16,2.0,0.5,31.0,0.25,D4,62,1,5,0.6929880380630493,True,0.7978113889694214,True,0.43726298213005066,False
400,16,2.0,0.5,31.0,0.25,B2,47,2,6,0.2346053272485733,False,0.43313124775886536,False,0.4269452691078186,False
401,16,2.5,0.5,31.25,0.25,E5,76,1,1,0.8580917716026306,True,0.057293280959129333,False,0.43113359808921814,False
402,16,2.5,0.5,31.25,0.25,G4,67,1,3,0.8219864964485168,True,0.5324091911315918,True,0.47714075446128845,False
403,16,2.5,0.5,31.25,0.25,Bb2,46,2,6,0.44909924268722534,False,0.5717108845710754,True,0.437628835439682,False
404,16,3.0,0.75,31.5,0.375,F5,77,1,1,0.7550077438354492,True,0.10487500578165054,False,0.427417516708374,False
405,16,3.0,0.5,31.5,0.25,A4,69,1,3,0.8054590821266174,True,0.5010351538658142,True,0.37283560633659363,False
406,16,3.0,0.5,31.5,0.25,A2,45,2,6,0.19716332852840424,False,0.483724445104599,False,0.43213075399398804,False
407,16,3.5,0.5,31.75,0.25,B4,71,1,3,0.7348599433898926,True,0.05561216175556183,False,0.4244369864463806,False
408,16,3.5,0.5,31.75,0.25,G2,43,2,6,0.16335779428482056,False,0.42065897583961487,False,0.41775262355804443,False
409,16,3.75,0.125,31.875,0.0625,G5,79,1,1,0.8498131632804871,True,0.06992442905902863,False,0.4298587739467621,False
410,16,3.875,0.125,31.9375,0.0625,F5,77,1,1,0.682142972946167,True,0.04680904373526573,False,0.4237385392189026,False
411,17,0.0,0.5,32.0,0.25,E5,76,1,1,0.7885457277297974,True,0.03531378507614136,False,0.43104881048202515,False
412,17,0.0,0.75,32.0,0.375,C5,72,1,2,0.7761890292167664,True,0.09904561936855316,False,0.4189852774143219,False
413,17,0.0,0.5,32.0,0.25,A2,45,2,6,0.17569078505039215,False,0.43220415711402893,False,0.4251362383365631,False
414,17,0.5,0.5,32.25,0.25,A5,81,1,1,0.8430679440498352,True,0.3296775221824646,False,0.4423258900642395,False
415,17,0.5,0.5,32.25,0.25,A3,57,2,5,0.3270505666732788,False,0.5527439713478088,True,0.42923128604888916,False
416,17,0.5,0.5,32.25,0.25,F#3,54,2,6,0.792515218257904,True,0.801142692565918,True,0.4670478403568268,False
417,17,0.75,0.125,32.375,0.0625,D5,74,1,2,0.8349080085754395,True,0.009779377840459347,False,0.4272036552429199,False
418,17,0.875,0.125,32.4375,0.0625,C5,72,1,2,0.8653078079223633,True,0.08625586330890656,False,0.42269811034202576,False
419,17,1.0,0.5,32.5,0.25,D5,74,1,1,0.793337345123291,True,0.031922467052936554,False,0.42630109190940857,False
420,17,1.0,0.5,32.5,0.25,B4,71,1,2,0.5942347645759583,True,0.019768256694078445,False,0.4305837154388428,False
421,17,1.0,0.5,32.5,0.25,B3,59,2,5,0.31520721316337585,False,0.4574626684188843,False,0.41604354977607727,False
422,17,1.0,0.5,32.5,0.25,G3,55,2,6,0.24021515250205994,False,0.45815443992614746,False,0.418820858001709,False
423,17,1.5,0.75,32.75,0.375,G5,79,1,1,0.9027172923088074,True,0.13176032900810242,False,0.42357832193374634,False
424,17,1.5,0.5,32.75,0.25,E5,76,1,2,0.8581993579864502,True,0.0485839806497097,False,0.4296034872531891,False
425,17,1.5,0.5,32.75,0.25,C#4,61,2,5,0.7454416155815125,True,0.8928964138031006,True,0.5679552555084229,True
426,17,1.5,0.5,32.75,0.25,E3,52,2,6,0.13433679938316345,False,0.38306573033332825,False,0.41969993710517883,False
427,17,2.0,0.5,33.0,0.25,A4,69,1,2,0.7725257873535156,True,0.25121933221817017,False,0.4375978112220764,False
428,17,2.0,0.75,33.0,0.375,D4,62,2,5,0.5826754570007324,True,0.48308128118515015,False,0.41177305579185486,False
429,17,2.0,1.0,33.0,0.5,D3,50,2,6,0.26863792538642883,False,0.4346843361854553,False,0.4140183627605438,False
430,17,2.25,0.25,33.125,0.125,A5,81,1,1,0.6383293867111206,True,0.09468348324298859,False,0.4266471266746521,False
431,17,2.5,0.25,33.25,0.125,G5,79,1,1,0.849866509437561,True,0.06837493181228638,False,0.42539918422698975,False
432,17,2.5,0.75,33.25,0.375,D5,74,1,2,0.8315061330795288,True,0.081336110830307,False,0.42269060015678406,False
433,17,2.75,0.25,33.375,0.125,F5,77,1,1,0.7560195326805115,True,0.3770657777786255,False,0.4378877580165863,False
434,17,2.75,0.125,33.375,0.0625,E4,64,2,5,0.7137500047683716,True,0.5510361790657043,True,0.4515833258628845,False
435,17,2.875,0.125,33.4375,0.0625,D4,62,2,5,0.6538084149360657,True,0.7714196443557739,True,0.4281391501426697,False
436,17,3.0,0.5,33.5,0.25,E5,76,1,1,0.8231858015060425,True,0.043556857854127884,False,0.4294511377811432,False
437,17,3.0,0.5,33.5,0.25,C4,60,2,5,0.36596566438674927,False,0.574520468711853,True,0.42741429805755615,False
438,17,3.0,0.5,33.5,0.25,E3,52,2,6,0.2088763564825058,False,0.4667746126651764,False,0.4333309531211853,False
439,17,3.25,0.25,33.625,0.125,E5,76,1,2,0.7520865797996521,True,0.0402054637670517,False,0.42565059661865234,False
440,17,3.5,0.5,33.75,0.25,A5,81,1,1,0.8645257353782654,True,0.3857443630695343,False,0.4111105799674988,False
441,17,3.5,0.25,33.75,0.125,D5,74,1,2,0.8958534002304077,True,0.19316542148590088,False,0.4237353503704071,False
442,17,3.5,0.5,33.75,0.25,F4,65,2,5,0.5946995615959167,True,0.6058114171028137,True,0.4482109248638153,False
443,17,3.5,0.5,33.75,0.25,F3,53,2,6,0.506621241569519,True,0.6492184996604919,True,0.3812132775783539,False
444,17,3.75,0.25,33.875,0.125,C5,72,1,2,0.6913607716560364,True,0.23942534625530243,False,0.4328499138355255,False
445,18,0.0,0.5,34.0,0.25,D5,74,1,1,0.7776994109153748,True,0.29265186190605164,False,0.40956923365592957,False
446,18,0.0,0.5,34.0,0.25,B4,71,1,2,0.63283371925354,True,0.0803217962384224,False,0.4229077994823456,False
447,18,0.0,0.5,34.0,0.25,B3,59,2,5,0.5704901218414307,True,0.7957285642623901,True,0.3354915976524353,False
448,18,0.0,0.75,34.0,0.375,G3,55,2,6,0.3306945264339447,False,0.4767141342163086,False,0.41489744186401367,False
449,18,0.5,0.5,34.25,0.25,Bb5,82,1,1,0.8074724078178406,True,0.6733143925666809,True,0.03678685426712036,False
450,18,0.5,0.5,34.25,0.25,G5,79,1,2,0.8569403290748596,True,0.7609090209007263,True,0.27010589838027954,False
451,18,0.5,0.75,34.25,0.375,E4,64,2,5,0.7996780276298523,True,0.6381096839904785,True,0.5028256773948669,True
452,18,0.75,0.125,34.375,0.0625,A3,57,2,6,0.37410348653793335,False,0.5326688885688782,True,0.4233129322528839,False
453,18,0.875,0.125,34.4375,0.0625,G3,55,2,6,0.37667375802993774,False,0.5110737085342407,True,0.4170568883419037,False
454,18,1.0,0.5,34.5,0.25,A5,81,1,1,0.8523434996604919,True,0.630578339099884,True,0.33053797483444214,False
455,18,1.0,0.5,34.5,0.25,C#5,73,1,2,0.680264949798584,True,0.24405944347381592,False,0.42000478506088257,False
456,18,1.0,0.5,34.5,0.25,F3,53,2,6,0.291125625371933,False,0.528336226940155,True,0.4357547163963318,False
457,18,1.25,0.25,34.625,0.125,F4,65,2,5,0.41273221373558044,False,0.5859778523445129,True,0.42262792587280273,False
458,18,1.5,0.25,34.75,0.125,G5,79,1,1,0.8707368969917297,True,0.2547108829021454,False,0.41178712248802185,False
459,18,1.5,0.5,34.75,0.25,D5,74,1,2,0.89276522397995,True,0.2703256905078888,False,0.42736828327178955,False
460,18,1.5,0.25,34.75,0.125,E4,64,2,5,0.8239436149597168,True,0.38776859641075134,False,0.4196094870567322,False
461,18,1.5,0.5,34.75,0.25,Bb3,58,2,6,0.6245175004005432,True,0.8347204327583313,True,0.41738438606262207,False
462,18,1.75,0.25,34.875,0.125,F5,77,1,1,0.7254491448402405,True,0.4441729784011841,False,0.42021071910858154,False
463,18,1.75,0.25,34.875,0.125,D4,62,2,5,0.36499926447868347,False,0.5272437334060669,True,0.4193195402622223,False
464,18,2.0,0.25,35.0,0.125,G5,79,1,1,0.917316198348999,True,0.10674868524074554,False,0.42273640632629395,False
465,18,2.0,0.5,35.0,0.25,E5,76,1,2,0.8393000960350037,True,0.6294812560081482,True,0.4474017918109894,False
466,18,2.0,0.5,35.0,0.25,C#4,61,2,5,0.5647428035736084,True,0.5189145803451538,True,0.5515186190605164,True
467,18,2.0,0.5,35.0,0.25,E3,52,2,6,0.2980494499206543,False,0.523709774017334,True,0.4421091079711914,False
468,18,2.25,0.25,35.125,0.125,F5,77,1,1,0.6756656169891357,True,0.36874598264694214,False,0.42790916562080383,False
469,18,2.5,0.25,35.25,0.125,G5,79,1,1,0.8912631273269653,True,0.039870698004961014,False,0.42636778950691223,False
470,18,2.5,0.5,35.25,0.25,C#5,73,1,2,0.4793379008769989,False,0.5258578062057495,True,0.42756909132003784,False
471,18,2.5,0.75,35.25,0.375,A3,57,2,6,0.5364401936531067,True,0.873860776424408,True,0.4156341552734375,False
472,18,2.75,0.25,35.375,0.125,E5,76,1,1,0.8047040104866028,True,0.08337365835905075,False,0.4285041391849518,False
473,18,3.0,0.25,35.5,0.125,F5,77,1,1,0.6283355355262756,True,0.08874871581792831,False,0.42289629578590393,False
474,18,3.0,0.5,35.5,0.25,D5,74,1,2,0.8270593285560608,True,0.041038986295461655,False,0.43030935525894165,False
475,18,3.25,0.25,35.625,0.125,G5,79,1,1,0.761303722858429,True,0.06753718852996826,False,0.4233705699443817,False
476,18,3.25,0.25,35.625,0.125,Bb3,58,2,6,0.4612818658351898,False,0.596609890460968,True,0.44306957721710205,False
477,18,3.5,0.25,35.75,0.125,G5,79,1,1,0.9227301478385925,True,0.18437297642230988,False,0.41609326004981995,False
478,18,3.5,0.5,35.75,0.25,E5,76,1,2,0.8251956701278687,True,0.08851595222949982,False,0.4327404499053955,False
479,18,3.5,0.25,35.75,0.125,A3,57,2,6,0.561229407787323,True,0.8257773518562317,True,0.34170567989349365,False
480,18,3.75,0.125,35.875,0.0625,F5,77,1,1,0.5207230448722839,True,0.180597186088562,False,0.41765204071998596,False
481,18,3.75,0.25,35.875,0.125,G3,55,2,6,0.3894230127334595,False,0.5566090941429138,True,0.41855716705322266,False
482,18,3.875,0.125,35.9375,0.0625,G5,79,1,1,0.8879988193511963,True,0.0819787085056305,False,0.42121562361717224,False
483,19,0.0,0.25,36.0,0.125,A5,81,1,1,0.8653342127799988,True,0.1080547347664833,False,0.4233960509300232,False
484,19,0.0,0.5,36.0,0.25,A4,69,1,2,0.8812351822853088,True,0.47688600420951843,False,0.4463837146759033,False
485,19,0.0,0.25,36.0,0.125,F3,53,2,6,0.4252987504005432,False,0.6117464900016785,True,0.4390827715396881,False
486,19,0.25,0.25,36.125,0.125,C#5,73,1,1,0.6344026923179626,True,0.12088366597890854,False,0.4221786558628082,False
487,19,0.25,0.25,36.125,0.125,E3,52,2,6,0.2888428270816803,False,0.4695131778717041,False,0.4277399778366089,False
488,19,0.5,0.25,36.25,0.125,D5,74,1,1,0.9070093035697937,True,0.047121547162532806,False,0.4277621805667877,False
489,19,0.5,0.5,36.25,0.25,A3,57,2,5,0.6350423097610474,True,0.7999525666236877,True,0.41175058484077454,False
490,19,0.5,0.25,36.25,0.125,F3,53,2,6,0.46352025866508484,False,0.6230366826057434,True,0.43162253499031067,False
491,19,0.75,0.25,36.375,0.125,G5,79,1,1,0.6660807728767395,True,0.11959737539291382,False,0.41679665446281433,False
492,19,0.75,0.25,36.375,0.125,D3,50,2,6,0.3670823574066162,False,0.560118556022644,True,0.43277832865715027,False
493,19,1.0,0.75,36.5,0.375,E5,76,1,1,0.8857097029685974,True,0.2737007737159729,False,0.43031594157218933,False
494,19,1.0,0.5,36.5,0.25,B3,59,2,5,0.8087888360023499,True,0.6765006184577942,True,0.49314814805984497,False
495,19,1.0,0.5,36.5,0.25,G3,55,2,6,0.32274121046066284,False,0.5439621806144714,True,0.4216540455818176,False
496,19,1.5,0.5,36.75,0.25,E4,64,1,2,0.9197734594345093,True,0.5290313363075256,True,0.5240950584411621,True
497,19,1.5,0.5,36.75,0.25,C#4,61,2,5,0.5105403661727905,True,0.39784300327301025,False,0.39377304911613464,False
498,19,1.5,0.5,36.75,0.25,A3,57,2,6,0.5325883030891418,True,0.5725213289260864,True,0.4565291404724121,False
499,19,1.75,0.25,36.875,0.125,D5,74,1,1,0.6866804361343384,True,0.13679741322994232,False,0.41688042879104614,False
500,19,2.0,0.5,37.0,0.25,D5,74,1,1,0.8832781910896301,True,0.1885795146226883,False,0.41690391302108765,False
501,19,2.0,0.5,37.0,0.25,F#4,66,1,2,0.6667429208755493,True,0.4958212375640869,False,0.407814621925354,False
502,19,2.0,0.75,37.0,0.375,D4,62,2,5,0.6605979204177856,True,0.5324986577033997,True,0.6312585473060608,True
503,19,2.0,2.25,37.0,1.125,D3,50,2,6,0.41562849283218384,False,0.5239297747612,True,0.4212189018726349,False
504,19,2.5,0.5,37.25,0.25,G4,67,1,2,0.8905729055404663,True,0.7410268187522888,True,0.5948673486709595,True
505,19,2.75,0.125,37.375,0.0625,E4,64,1,5,0.8576411604881287,True,0.7007416486740112,True,0.41647249460220337,False
506,19,2.875,0.125,37.4375,0.0625,D4,62,1,5,0.4382091462612152,False,0.524760901927948,True,0.40569064021110535,False
507,19,3.0,0.75,37.5,0.375,A4,69,1,2,0.6458332538604736,True,0.3905608355998993,False,0.4289450943470001,False
508,19,3.0,0.5,37.5,0.25,C4,60,1,5,0.7527790069580078,True,0.9122955799102783,True,0.8116032481193542,True
509,19,3.5,0.5,37.75,0.25,F#4,66,1,5,0.6054157614707947,True,0.726456344127655,True,0.545488715171814,True
510,19,3.75,0.125,37.875,0.0625,B4,71,1,2,0.635087788105011,True,0.05611889064311981,False,0.42727386951446533,False
511,19,3.875,0.125,37.9375,0.0625,A4,69,1,2,0.5514716506004333,True,0.5170051455497742,True,0.3079386353492737,False
512,20,0.0,0.5,38.0,0.25,G4,67,1,3,0.8483706116676331,True,0.6801106929779053,True,0.6053853631019592,True
513,20,0.0,0.5,38.0,0.25,B3,59,1,5,0.8123589754104614,True,0.5964568257331848,True,0.5556158423423767,True
514,20,0.25,0.25,38.125,0.125,E3,52,2,6,0.4681220054626465,False,0.5901724100112915,True,0.43111127614974976,False
515,20,0.5,0.5,38.25,0.25,C5,72,1,3,0.9381257891654968,True,0.6688449382781982,True,0.17650669813156128,False
516,20,0.5,0.75,38.25,0.375,E4,64,1,5,0.6416416168212891,True,0.5488734841346741,True,0.30225875973701477,False
517,20,0.5,0.25,38.25,0.125,D3,50,2,6,0.31365543603897095,False,0.4534628391265869,False,0.415310800075531,False
518,20,0.75,0.25,38.375,0.125,C3,48,2,6,0.43072977662086487,False,0.5848004221916199,True,0.42928215861320496,False
519,20,1.0,0.5,38.5,0.25,F#4,66,1,3,0.5913568139076233,True,0.509801983833313,True,0.5186743140220642,True
520,20,1.0,0.25,38.5,0.125,B2,47,2,6,0.564229428768158,True,0.5687044858932495,True,0.4555618166923523,False
521,20,1.25,0.25,38.625,0.125,F#4,66,1,5,0.5131688714027405,True,0.31213808059692383,False,0.41834405064582825,False
522,20,1.25,0.25,38.625,0.125,A2,45,2,6,0.34467563033103943,False,0.555051326751709,True,0.4356065094470978,False
523,20,1.5,0.75,38.75,0.375,B4,71,1,3,0.8017055988311768,True,0.29884734749794006,False,0.4109327495098114,False
524,20,1.5,0.25,38.75,0.125,E4,64,1,5,0.5762848258018494,True,0.618381917476654,True,0.30264395475387573,False
525,20,1.5,0.25,38.75,0.125,G2,43,2,6,0.3838794529438019,False,0.503028392791748,True,0.41244229674339294,False
526,20,1.75,0.25,38.875,0.125,D4,62,1,5,0.7802574634552002,True,0.8766704797744751,True,0.6590257287025452,True
527,20,1.75,0.25,38.875,0.125,F#2,42,2,6,0.39033985137939453,False,0.5272835493087769,True,0.43365025520324707,False
528,20,2.0,2.25,39.0,1.125,C4,60,1,5,0.6849424839019775,True,0.8878102898597717,True,0.7763652801513672,True
529,20,2.0,0.5,39.0,0.25,E2,40,2,6,0.5695383548736572,True,0.6167247295379639,True,0.44260939955711365,False
530,20,2.25,0.25,39.125,0.125,C5,72,1,3,0.9524587392807007,True,0.7927618622779846,True,0.18614596128463745,False
531,20,2.5,0.25,39.25,0.125,B4,71,1,3,0.6524415612220764,True,0.2375548928976059,False,0.4123498499393463,False
532,20,2.5,0.5,39.25,0.25,E3,52,2,6,0.4282451868057251,False,0.4913163185119629,False,0.4190496504306793,False
533,20,2.75,0.25,39.375,0.125,A4,69,1,3,0.3803348243236542,False,0.5050644278526306,True,0.4200802743434906,False
534,20,3.0,0.25,39.5,0.125,G4,67,1,3,0.8417022824287415,True,0.7508609294891357,True,0.6227277517318726,True
535,20,3.0,0.5,39.5,0.25,F#3,54,2,6,0.34607836604118347,False,0.4719884991645813,False,0.42673978209495544,False
536,20,3.25,0.25,39.625,0.125,F#4,66,1,3,0.4904170334339142,False,0.49543872475624084,False,0.41831037402153015,False
537,20,3.5,0.5,39.75,0.25,G4,67,1,1,0.9354467988014221,True,0.817529559135437,True,0.6708996891975403,True
538,20,3.5,0.25,39.75,0.125,E4,64,1,3,0.53465735912323,True,0.8817970752716064,True,0.40207329392433167,False
539,20,3.5,1.0,39.75,0.5,G3,55,2,6,0.5934916734695435,True,0.6825911998748779,True,0.15856684744358063,False
540,20,3.75,0.25,39.875,0.125,D4,62,1,3,0.7530189156532288,True,0.8216026425361633,True,0.4763358533382416,False
541,21,0.0,0.5,40.0,0.25,A4,69,1,1,0.3664800822734833,False,0.5620580315589905,True,0.4280710220336914,False
542,21,0.0,1.0,40.0,0.5,E4,64,1,2,0.4410993158817291,False,0.6114675998687744,True,0.45855575799942017,False
543,21,0.25,0.25,40.125,0.125,D4,62,2,5,0.6115187406539917,True,0.761751651763916,True,0.46339085698127747,False
544,21,0.5,0.5,40.25,0.25,B4,71,1,1,0.7332258224487305,True,0.1737871915102005,False,0.41058340668678284,False
545,21,0.5,0.25,40.25,0.125,C4,60,2,5,0.5492038130760193,True,0.5628302693367004,True,0.638444721698761,True
546,21,0.5,0.25,40.25,0.125,A3,57,2,6,0.7629840970039368,True,0.940843939781189,True,0.5489025712013245,True
547,21,0.75,0.25,40.375,0.125,B3,59,2,5,0.23394982516765594,False,0.4541279077529907,False,0.4242391586303711,False
548,21,0.75,0.25,40.375,0.125,G3,55,2,6,0.4102991819381714,False,0.5904268026351929,True,0.42361393570899963,False
549,21,1.0,0.75,40.5,0.375,C5,72,1,1,0.9568283557891846,True,0.6885284781455994,True,0.1790560781955719,False
550,21,1.0,1.25,40.5,0.625,D4,62,1,2,0.6311354637145996,True,0.5698935389518738,True,0.4102204144001007,False
551,21,1.0,0.25,40.5,0.125,A3,57,2,5,0.6339142918586731,True,0.6703070998191833,True,0.56104975938797,True
552,21,1.0,0.5,40.5,0.25,F#3,54,2,6,0.25240418314933777,False,0.4353606402873993,False,0.4302847683429718,False
553,21,1.25,0.25,40.625,0.125,G3,55,2,5,0.26238709688186646,False,0.47647666931152344,False,0.41935038566589355,False
554,21,1.5,0.25,40.75,0.125,A3,57,2,5,0.5829505324363708,True,0.5010071992874146,True,0.3964071273803711,False
555,21,1.5,0.5,40.75,0.25,D3,50,2,6,0.535622775554657,True,0.70606929063797,True,0.5396835207939148,True
556,21,1.75,0.125,40.875,0.0625,D5,74,1,1,0.5201224088668823,True,0.210169717669487,False,0.4159836769104004,False
557,21,1.75,0.25,40.875,0.125,F#3,54,2,5,0.48852992057800293,False,0.552872359752655,True,0.43495896458625793,False
558,21,1.875,0.125,40.9375,0.0625,C5,72,1,1,0.945094645023346,True,0.3575664162635803,False,0.4203468859195709,False
559,21,2.0,0.5,41.0,0.25,B4,71,1,1,0.5286561250686646,True,0.10286233574151993,False,0.4262348413467407,False
560,21,2.0,4.0,41.0,2.0,G3,55,2,6,0.21886445581912994,False,0.46270179748535156,False,0.4184480607509613,False
561,21,2.25,0.25,41.125,0.125,A4,69,1,2,0.27755099534988403,False,0.49671757221221924,False,0.4232325553894043,False
562,21,2.5,0.5,41.25,0.25,E5,76,1,1,0.8714957237243652,True,0.4007102847099304,False,0.42906904220581055,False
563,21,2.5,0.25,41.25,0.125,G4,67,1,2,0.7889013886451721,True,0.37451085448265076,False,0.3880913257598877,False
564,21,2.5,0.5,41.25,0.25,B3,59,2,5,0.4276181757450104,False,0.5287089347839355,True,0.4282788932323456,False
565,21,2.75,0.25,41.375,0.125,F4,65,1,2,0.8853112459182739,True,0.9777895212173462,True,0.666325032711029,True
566,21,3.0,0.5,41.5,0.25,A4,69,1,1,0.3336913585662842,False,0.5375180840492249,True,0.4190203547477722,False
567,21,3.0,0.25,41.5,0.125,E4,64,1,2,0.38137364387512207,False,0.46575918793678284,False,0.4269065260887146,False
568,21,3.0,0.5,41.5,0.25,C4,60,2,5,0.4419791102409363,False,0.6279171705245972,True,0.4332267642021179,False
569,21,3.25,0.25,41.625,0.125,G4,67,1,2,0.6958461999893188,True,0.4665991961956024,False,0.3722478151321411,False
570,21,3.5,0.75,41.75,0.375,D5,74,1,1,0.8324403762817383,True,0.1559087336063385,False,0.41520625352859497,False
571,21,3.5,0.25,41.75,0.125,F4,65,1,2,0.8735313415527344,True,0.8581588864326477,True,0.6163191795349121,True
572,21,3.5,0.5,41.75,0.25,D4,62,2,5,0.5013484954833984,True,0.17262373864650726,False,0.4074613153934479,False
573,21,3.75,0.25,41.875,0.125,A4,69,1,2,0.4826699197292328,False,0.5650026798248291,True,0.4191768765449524,False
574,22,0.0,1.25,42.0,0.625,G4,67,1,2,0.7911888957023621,True,0.6602325439453125,True,0.07984359562397003,False
575,22,0.0,0.75,42.0,0.375,E4,64,2,5,0.6299721598625183,True,0.7607030272483826,True,0.8168302178382874,True
576,22,0.25,0.25,42.125,0.125,E5,76,1,1,0.8806913495063782,True,0.41470199823379517,False,0.4335561692714691,False
577,22,0.5,0.25,42.25,0.125,D5,74,1,1,0.7067750692367554,True,0.17709895968437195,False,0.40893349051475525,False
578,22,0.75,0.25,42.375,0.125,C5,72,1,1,0.922451913356781,True,0.4200983941555023,False,0.4508896470069885,False
579,22,0.75,0.125,42.375,0.0625,F4,65,2,5,0.7345383167266846,True,0.5453870296478271,True,0.6381610035896301,True
580,22,0.875,0.125,42.4375,0.0625,E4,64,2,5,0.6416967511177063,True,0.6608774065971375,True,0.8031328916549683,True
581,22,1.0,0.25,42.5,0.125,B4,71,1,1,0.7940694689750671,True,0.5922548174858093,True,0.05702441930770874,False
582,22,1.0,0.5,42.5,0.25,D4,62,2,5,0.6569709181785583,True,0.9272385239601135,True,0.7434553503990173,True
583,22,1.25,0.25,42.625,0.125,C5,72,1,1,0.8059942126274109,True,0.45920905470848083,False,0.4095366597175598,False
584,22,1.25,0.25,42.625,0.125,A4,69,1,2,0.8124400973320007,True,0.9034508466720581,True,0.7071284055709839,True
585,22,1.5,0.25,42.75,0.125,D5,74,1,1,0.8153532147407532,True,0.5669493675231934,True,0.060080818831920624,False
586,22,1.5,0.5,42.75,0.25,Bb4,70,1,2,0.747698962688446,True,0.9405262470245361,True,0.33619412779808044,False
587,22,1.5,0.5,42.75,0.25,G4,67,2,5,0.5443446040153503,True,0.7282842993736267,True,0.1643826961517334,False
588,22,1.75,0.25,42.875,0.125,E5,76,1,1,0.8418083190917969,True,0.801135241985321,True,0.6666958928108215,True
589,22,2.0,0.25,43.0,0.125,F5,77,1,1,0.9314126968383789,True,0.668822705745697,True,0.3313364088535309,False
590,22,2.0,1.0,43.0,0.5,C5,72,1,2,0.9147112369537354,True,0.7491348385810852,True,0.3031734526157379,False
591,22,2.0,0.5,43.0,0.25,C4,60,2,5,0.6885308623313904,True,0.6714423894882202,True,0.44118955731391907,False
592,22,2.0,1.0,43.0,0.5,A3,57,2,6,0.6255218982696533,True,0.8370950222015381,True,0.4177716076374054,False
593,22,2.25,0.25,43.125,0.125,G5,79,1,1,0.710634708404541,True,0.7682446837425232,True,0.4054109752178192,False
594,22,2.5,0.25,43.25,0.125,A5,81,1,1,0.5265222787857056,True,0.2769905626773834,False,0.41105008125305176,False
595,22,2.5,0.75,43.25,0.375,F4,65,2,5,0.670341968536377,True,0.7020760178565979,True,0.3370504081249237,False
596,22,2.75,0.25,43.375,0.125,G5,79,1,1,0.632814347743988,True,0.31706956028938293,False,0.40497705340385437,False
597,22,3.0,0.25,43.5,0.125,F5,77,1,1,0.8770061135292053,True,0.38025611639022827,False,0.4215528666973114,False
598,22,3.0,0.5,43.5,0.25,D5,74,1,2,0.763962984085083,True,0.3524772822856903,False,0.3994706869125366,False
599,22,3.0,0.5,43.5,0.25,B3,59,2,6,0.28525495529174805,False,0.4194848835468292,False,0.4162609577178955,False
600,22,3.25,0.25,43.625,0.125,E5,76,1,1,0.4341159462928772,False,0.43842920660972595,False,0.41336730122566223,False
601,22,3.25,0.25,43.625,0.125,G4,67,2,5,0.7106021046638489,True,0.38934850692749023,False,0.42868873476982117,False
602,22,3.5,0.25,43.75,0.125,D5,74,1,1,0.9049890637397766,True,0.384929358959198,False,0.4252064824104309,False
603,22,3.5,0.5,43.75,0.25,G4,67,1,2,0.6350595951080322,True,0.6501020193099976,True,0.31269705295562744,False
604,22,3.5,0.25,43.75,0.125,F4,65,2,5,0.799916684627533,True,0.8023924827575684,True,0.34407517313957214,False
605,22,3.5,0.5,43.75,0.25,C4,60,2,6,0.5288851857185364,True,0.5111676454544067,True,0.49572816491127014,False
606,22,3.75,0.25,43.875,0.125,C5,72,1,1,0.779419481754303,True,0.2989005744457245,False,0.3997359275817871,False
607,22,3.75,0.25,43.875,0.125,E4,64,2,5,0.6042379140853882,True,0.9133265018463135,True,0.565375804901123,True
608,23,0.0,1.0,44.0,0.5,B4,71,1,1,0.8973047733306885,True,0.7609797120094299,True,0.5686714053153992,True
609,23,0.0,1.5,44.0,0.75,G4,67,1,3,0.6438431143760681,True,0.6439517736434937,True,0.32750403881073,False
610,23,0.0,1.0,44.0,0.5,D4,62,1,5,0.6811492443084717,True,0.7621399164199829,True,0.12153494358062744,False
611,23,0.0,0.25,44.0,0.125,F3,53,2,6,0.6454660296440125,True,0.600455105304718,True,0.42764246463775635,False
612,23,0.25,0.25,44.125,0.125,A3,57,2,6,0.4794463515281677,False,0.7042325139045715,True,0.4362849295139313,False
613,23,0.5,0.25,44.25,0.125,G3,55,2,6,0.5063197612762451,True,0.5370544195175171,True,0.2838954031467438,False
614,23,0.75,0.25,44.375,0.125,F3,53,2,6,0.5224941372871399,True,0.7458444237709045,True,0.5755123496055603,True
615,23,1.0,0.5,44.5,0.25,C5,72,1,1,0.8138939738273621,True,0.5025821328163147,True,0.34186092019081116,False
616,23,1.0,0.5,44.5,0.25,E4,64,1,5,0.4314209818840027,False,0.4806031584739685,False,0.42219212651252747,False
617,23,1.0,0.25,44.5,0.125,E3,52,2,6,0.46380653977394104,False,0.4900849759578705,False,0.42546096444129944,False
618,23,1.25,0.25,44.625,0.125,D3,50,2,6,0.5130395293235779,True,0.37426185607910156,False,0.41917410492897034,False
619,23,1.5,0.5,44.75,0.25,D5,74,1,1,0.9123969674110413,True,0.14998924732208252,False,0.4154147207736969,False
620,23,1.5,1.0,44.75,0.5,F4,65,1,3,0.8056207299232483,True,0.8284196257591248,True,0.34242796897888184,False
621,23,1.5,1.0,44.75,0.5,D4,62,1,5,0.537769079208374,True,0.3373204171657562,False,0.37971287965774536,False
622,23,1.5,0.25,44.75,0.125,C3,48,2,6,0.29158374667167664,False,0.46704810857772827,False,0.421959787607193,False
623,23,1.75,0.25,44.875,0.125,B2,47,2,6,0.4285021722316742,False,0.5458976030349731,True,0.4311887323856354,False
624,23,2.0,0.5,45.0,0.25,G4,67,1,1,0.626444399356842,True,0.7313190698623657,True,0.12410017848014832,False
625,23,2.0,0.25,45.0,0.125,C3,48,2,6,0.35345780849456787,False,0.5056072473526001,True,0.42475220561027527,False
626,23,2.25,0.25,45.125,0.125,D3,50,2,6,0.5840299129486084,True,0.6506543159484863,True,0.4160456955432892,False
627,23,2.5,1.0,45.25,0.5,C5,72,1,1,0.8519555330276489,True,0.7741157412528992,True,0.2391676902770996,False
628,23,2.5,0.5,45.25,0.25,E4,64,1,3,0.4558357298374176,False,0.5076589584350586,True,0.4298818111419678,False
629,23,2.5,0.5,45.25,0.25,G3,55,2,5,0.4875182807445526,False,0.5449731349945068,True,0.40397384762763977,False
630,23,2.5,0.25,45.25,0.125,E3,52,2,6,0.43849363923072815,False,0.515415608882904,True,0.4278848171234131,False
631,23,2.75,0.25,45.375,0.125,F3,53,2,6,0.5500392913818359,True,0.6570523381233215,True,0.7017858624458313,True
632,23,3.0,1.0,45.5,0.5,D4,62,1,3,0.35137102007865906,False,0.43696328997612,False,0.4037806987762451,False
633,23,3.0,1.5,45.5,0.75,G3,55,2,5,0.5063897967338562,True,0.47553420066833496,False,0.4039953649044037,False
634,23,3.0,0.5,45.5,0.25,G3,55,2,6,0.5182880759239197,True,0.39756134152412415,False,0.40567004680633545,False
635,23,3.5,0.5,45.75,0.25,B4,71,1,1,0.9095479846000671,True,0.4450230598449707,False,0.40013301372528076,False
636,23,3.5,0.5,45.75,0.25,G2,43,2,6,0.2687402069568634,False,0.46618637442588806,False,0.41443750262260437,False
637,24,0.0,1.0,46.0,0.5,C5,72,1,1,0.8776136040687561,True,0.7133738994598389,True,0.22758249938488007,False
638,24,0.0,0.5,46.0,0.25,E4,64,1,2,0.4378054440021515,False,0.4646129012107849,False,0.42657023668289185,False
639,24,0.0,16.0,46.0,8.0,C3,48,2,6,0.407219797372818,False,0.609021008014679,True,0.45817995071411133,False
640,24,0.5,1.0,46.25,0.5,A4,69,1,2,0.4948773682117462,False,0.6462120413780212,True,0.43577834963798523,False
641,24,0.5,0.5,46.25,0.25,C3,48,2,5,0.3200800120830536,False,0.4801570773124695,False,0.42446669936180115,False
642,24,1.0,0.5,46.5,0.25,B4,71,1,1,0.740082323551178,True,0.2541087567806244,False,0.41015875339508057,False
643,24,1.0,0.5,46.5,0.25,D3,50,2,5,0.29265183210372925,False,0.43406569957733154,False,0.40796393156051636,False
644,24,1.5,0.5,46.75,0.25,Bb4,70,1,1,0.8800860643386841,True,0.8765861988067627,True,0.6696224212646484,True
645,24,1.5,1.0,46.75,0.5,G4,67,1,2,0.6185747981071472,True,0.5121191143989563,True,0.18284133076667786,False
646,24,1.5,0.5,46.75,0.25,E3,52,2,5,0.5760219097137451,True,0.45155540108680725,False,0.41925477981567383,False
647,24,2.0,0.5,47.0,0.25,A4,69,1,1,0.5793803334236145,True,0.8596170544624329,True,0.45359230041503906,False
648,24,2.0,0.75,47.0,0.375,F3,53,2,5,0.5158272981643677,True,0.6524556279182434,True,0.7023717761039734,True
649,24,2.5,1.0,47.25,0.5,D5,74,1,1,0.6508772373199463,True,0.220606729388237,False,0.3996785283088684,False
650,24,2.5,0.5,47.25,0.25,F4,65,1,2,0.6941131353378296,True,0.8908833861351013,True,0.5061601996421814,True
651,24,2.75,0.125,47.375,0.0625,G3,55,2,5,0.45343470573425293,False,0.5716109275817871,True,0.4245150685310364,False
652,24,2.875,0.125,47.4375,0.0625,F3,53,2,5,0.5097898840904236,True,0.7091493010520935,True,0.586881697177887,True
653,24,3.0,0.5,47.5,0.25,G4,67,1,2,0.3767518103122711,False,0.4929693937301636,False,0.4150126874446869,False
654,24,3.0,0.5,47.5,0.25,E3,52,2,5,0.49363917112350464,False,0.5043050050735474,True,0.41554731130599976,False
655,24,3.5,0.5,47.75,0.25,C5,72,1,1,0.792719841003418,True,0.4193277359008789,False,0.40228593349456787,False
656,24,3.5,0.5,47.75,0.25,A4,69,1,2,0.6448848247528076,True,0.6337659358978271,True,0.4620303213596344,False
657,24,3.5,0.5,47.75,0.25,A3,57,2,5,0.5348623394966125,True,0.4651564359664917,False,0.3998125493526459,False
658,25,0.0,0.5,48.0,0.25,D5,74,1,1,0.8409659266471863,True,0.322075754404068,False,0.3863133192062378,False
659,25,0.0,0.75,48.0,0.375,Bb4,70,1,2,0.7761280536651611,True,0.586952269077301,True,0.5895363092422485,True
660,25,0.0,0.5,48.0,0.25,D3,50,2,5,0.23232121765613556,False,0.40704765915870667,False,0.41498762369155884,False
661,25,0.5,0.5,48.25,0.25,E5,76,1,1,0.6280801296234131,True,0.28437352180480957,False,0.4484066665172577,False
662,25,0.5,0.75,48.25,0.375,G3,55,2,5,0.32814541459083557,False,0.507617712020874,True,0.4196409285068512,False
663,25,0.75,0.125,48.375,0.0625,C5,72,1,2,0.7466238141059875,True,0.589855968952179,True,0.19305934011936188,False
664,25,0.875,0.125,48.4375,0.0625,Bb4,70,1,2,0.5854408144950867,True,0.682527482509613,True,0.530896782875061,True
665,25,1.0,1.25,48.5,0.625,F5,77,1,1,0.8600645065307617,True,0.8143124580383301,True,0.31523650884628296,False
666,25,1.0,0.5,48.5,0.25,A4,69,1,2,0.5889315605163574,True,0.8371403217315674,True,0.5840181708335876,True
667,25,1.25,0.25,48.625,0.125,A3,57,2,5,0.6132948994636536,True,0.4797271192073822,False,0.41166120767593384,False
668,25,1.5,0.5,48.75,0.25,D5,74,1,2,0.6379094123840332,True,0.45981907844543457,False,0.36636948585510254,False
669,25,1.5,0.25,48.75,0.125,G3,55,2,5,0.3262845277786255,False,0.5121056437492371,True,0.4326605498790741,False
670,25,1.75,0.25,48.875,0.125,F3,53,2,5,0.7110353112220764,True,0.7455088496208191,True,0.6177648305892944,True
671,25,2.0,0.5,49.0,0.25,G4,67,1,2,0.5545173287391663,True,0.7527775764465332,True,0.2960018217563629,False
672,25,2.0,0.25,49.0,0.125,E3,52,2,5,0.5807005763053894,True,0.4100118577480316,False,0.43454238772392273,False
673,25,2.25,0.25,49.125,0.125,A5,81,1,1,0.6171751618385315,True,0.49783408641815186,False,0.3944275975227356,False
674,25,2.25,0.25,49.125,0.125,D3,50,2,5,0.14363159239292145,False,0.3597462773323059,False,0.41469237208366394,False
675,25,2.5,0.25,49.25,0.125,G5,79,1,1,0.7937963604927063,True,0.6903849840164185,True,0.04894192889332771,False
676,25,2.5,0.75,49.25,0.375,C5,72,1,2,0.7306243777275085,True,0.6976843476295471,True,0.4393039047718048,False
677,25,2.5,0.25,49.25,0.125,E3,52,2,5,0.4464312791824341,False,0.46640917658805847,False,0.42453742027282715,False
678,25,2.75,0.25,49.375,0.125,F5,77,1,1,0.8265946507453918,True,0.7908121347427368,True,0.2620084285736084,False
679,25,2.75,0.25,49.375,0.125,F3,53,2,5,0.6931803822517395,True,0.5117065906524658,True,0.5361582636833191,True
680,25,3.0,0.25,49.5,0.125,E5,76,1,1,0.7358114123344421,True,0.5499933958053589,True,0.4168204367160797,False
681,25,3.0,0.25,49.5,0.125,G3,55,2,5,0.28148898482322693,False,0.4556528925895691,False,0.41820117831230164,False
682,25,3.25,0.25,49.625,0.125,F5,77,1,1,0.8424009680747986,True,0.7971816062927246,True,0.41220518946647644,False
683,25,3.25,0.25,49.625,0.125,D5,74,1,2,0.5822937488555908,True,0.569270133972168,True,0.35316357016563416,False
684,25,3.25,0.25,49.625,0.125,A3,57,2,5,0.4208323061466217,False,0.6177990436553955,True,0.43150681257247925,False
685,25,3.5,0.25,49.75,0.125,E5,76,1,1,0.8175581097602844,True,0.42280253767967224,False,0.4181627035140991,False
686,25,3.5,0.25,49.75,0.125,C5,72,1,2,0.7546384930610657,True,0.8459022641181946,True,0.36322519183158875,False
687,25,3.5,0.25,49.75,0.125,Bb3,58,2,5,0.5023255348205566,True,0.6001816391944885,True,0.4183155596256256,False
688,25,3.75,0.25,49.875,0.125,D5,74,1,1,0.527402400970459,True,0.6070567965507507,True,0.2226199507713318,False
689,25,3.75,0.25,49.875,0.125,Bb4,70,1,2,0.4695202708244324,False,0.5225081443786621,True,0.4250233769416809,False
690,25,3.75,0.25,49.875,0.125,G3,55,2,5,0.4116571247577667,False,0.5877304077148438,True,0.42437422275543213,False
691,26,0.0,2.0,50.0,1.0,C5,72,1,1,0.8034692406654358,True,0.8122351765632629,True,0.38226747512817383,False
692,26,0.0,0.25,50.0,0.125,A4,69,1,2,0.5532299280166626,True,0.8052059412002563,True,0.599986732006073,True
693,26,0.0,0.25,50.0,0.125,A3,57,2,5,0.4299556314945221,False,0.6472853422164917,True,0.44223159551620483,False
694,26,0.25,0.25,50.125,0.125,Bb4,70,1,2,0.5182411074638367,True,0.6317138075828552,True,0.49154266715049744,False
695,26,0.25,0.25,50.125,0.125,E3,52,2,5,0.5129187107086182,True,0.46556320786476135,False,0.4420310854911804,False
696,26,0.5,0.25,50.25,0.125,A4,69,1,2,0.5134803056716919,True,0.830718457698822,True,0.7465353608131409,True
697,26,0.5,0.25,50.25,0.125,F3,53,2,5,0.6361568570137024,True,0.6161838173866272,True,0.548378050327301,True
698,26,0.75,0.25,50.375,0.125,G4,67,1,2,0.4707320034503937,False,0.5231098532676697,True,0.4060499668121338,False
699,26,0.75,0.25,50.375,0.125,G3,55,2,5,0.40390416979789734,False,0.5766562819480896,True,0.4228763282299042,False
700,26,1.0,0.25,50.5,0.125,F4,65,1,2,0.6318607330322266,True,0.7244743704795837,True,0.44832226634025574,False
701,26,1.0,0.25,50.5,0.125,A3,57,2,5,0.3866526484489441,False,0.5832054018974304,True,0.43433478474617004,False
702,26,1.25,0.25,50.625,0.125,G4,67,1,2,0.44046369194984436,False,0.4776585102081299,False,0.40347567200660706,False
703,26,1.25,0.25,50.625,0.125,B3,59,2,5,0.6396176815032959,True,0.5367984175682068,True,0.1956467479467392,False
704,26,1.5,0.25,50.75,0.125,F4,65,1,2,0.5104450583457947,True,0.6198537945747375,True,0.3452567458152771,False
705,26,1.5,0.25,50.75,0.125,C4,60,2,5,0.6423222422599792,True,0.8738519549369812,True,0.35814809799194336,False
706,26,1.75,0.25,50.875,0.125,E4,64,1,2,0.686614453792572,True,0.7298645973205566,True,0.3478577733039856,False
707,26,1.75,0.25,50.875,0.125,A3,57,2,5,0.5966145396232605,True,0.8350382447242737,True,0.2921099066734314,False
708,26,2.0,1.75,51.0,0.875,D4,62,1,2,0.33135786652565,False,0.44120797514915466,False,0.41344496607780457,False
709,26,2.0,2.0,51.0,1.0,B3,59,2,5,0.7485317587852478,True,0.68510901927948,True,0.21346673369407654,False
710,26,2.25,0.125,51.125,0.0625,G4,67,1,1,0.35852932929992676,False,0.5331704616546631,True,0.4314587712287903,False
711,26,2.375,0.125,51.1875,0.0625,A4,69,1,1,0.44003286957740784,False,0.5703557729721069,True,0.4276040494441986,False
712,26,2.5,0.25,51.25,0.125,B4,71,1,1,0.5724469423294067,True,0.8210009336471558,True,0.6503517627716064,True
713,26,2.75,0.25,51.375,0.125,C5,72,1,1,0.5599705576896667,True,0.752578616142273,True,0.5444391369819641,True
714,26,3.0,0.25,51.5,0.125,D5,74,1,1,0.33513057231903076,False,0.44503867626190186,False,0.40986111760139465,False
715,26,3.25,0.25,51.625,0.125,E5,76,1,1,0.7550023198127747,True,0.8686512112617493,True,0.5274010300636292,True
716,26,3.5,0.625,51.75,0.3125,F5,77,1,1,0.6397997736930847,True,0.7704188823699951,True,0.2735363245010376,False
717,26,3.75,0.25,51.875,0.125,G4,67,1,2,0.4157131612300873,False,0.5371366739273071,True,0.41669052839279175,False
718,27,0.0,1.0,52.0,0.5,A4,69,1,2,0.4598367214202881,False,0.5861294269561768,True,0.4358576238155365,False
719,27,0.0,4.0,52.0,2.0,C4,60,2,5,0.698005735874176,True,0.7521149516105652,True,0.4058670401573181,False
720,27,0.125,0.125,52.0625,0.0625,C5,72,1,1,0.5958524942398071,True,0.6384770274162292,True,0.4320789575576782,False
721,27,0.25,0.125,52.125,0.0625,D5,74,1,1,0.3401329517364502,False,0.4018254578113556,False,0.4061509370803833,False
722,27,0.375,0.125,52.1875,0.0625,E5,76,1,1,0.7163524031639099,True,0.6230108141899109,True,0.4583064615726471,False
723,27,0.5,0.25,52.25,0.125,F5,77,1,1,0.5884817838668823,True,0.6010392308235168,True,0.3591824769973755,False
724,27,0.75,0.25,52.375,0.125,G5,79,1,1,0.3881189525127411,False,0.5013689398765564,True,0.41173332929611206,False
725,27,1.0,0.75,52.5,0.375,A5,81,1,1,0.6930933594703674,True,0.7901273965835571,True,0.36990076303482056,False
726,27,1.25,0.25,52.625,0.125,F5,77,1,2,0.6450474262237549,True,0.6258893013000488,True,0.44891029596328735,False
727,27,1.5,0.5,52.75,0.25,D5,74,1,2,0.6059799194335938,True,0.6864529848098755,True,0.43717479705810547,False
728,27,1.75,0.25,52.875,0.125,B5,83,1,1,0.8187283277511597,True,0.8999727368354797,True,0.5365837812423706,True
729,27,2.0,2.0,53.0,1.0,C6,84,1,1,0.6177157163619995,True,0.7966691851615906,True,0.4434869885444641,False
730,27,4.0,2.0,54.0,1.0,G5,79,1,2,0.5433240532875061,True,0.5928727984428406,True,0.36930909752845764,False
731,27,2.0,2.0,53.0,1.0,E5,76,1,2,0.6081596612930298,True,0.5312471985816956,True,0.3923207223415375,False
